-- phpMyAdmin SQL Dump
-- version 5.2.0
-- https://www.phpmyadmin.net/
--
-- Host: 127.0.0.1
-- Generation Time: Jun 03, 2023 at 09:09 AM
-- Server version: 10.4.24-MariaDB
-- PHP Version: 8.1.6

SET SQL_MODE = "NO_AUTO_VALUE_ON_ZERO";
START TRANSACTION;
SET time_zone = "+00:00";


/*!40101 SET @OLD_CHARACTER_SET_CLIENT=@@CHARACTER_SET_CLIENT */;
/*!40101 SET @OLD_CHARACTER_SET_RESULTS=@@CHARACTER_SET_RESULTS */;
/*!40101 SET @OLD_COLLATION_CONNECTION=@@COLLATION_CONNECTION */;
/*!40101 SET NAMES utf8mb4 */;

--
-- Database: `recordapp_db`
--

-- --------------------------------------------------------

--
-- Table structure for table `employee`
--

CREATE TABLE `employee` (
  `id` int(11) NOT NULL,
  `lastname` varchar(45) NOT NULL,
  `firstname` varchar(45) NOT NULL,
  `office_id` int(11) NOT NULL,
  `address` varchar(100) DEFAULT NULL
) ENGINE=InnoDB DEFAULT CHARSET=utf8mb4;

--
-- Dumping data for table `employee`
--

INSERT INTO `employee` (`id`, `lastname`, `firstname`, `office_id`, `address`) VALUES
(1, 'Schaden', 'Tressa', 6, '1987 Towne Tunnel\nHilllland, MO 96530'),
(2, 'Mayert', 'Citlalli', 8, '542 Cummerata Views Apt. 262\nEast Vella, CA 86879'),
(3, 'Weber', 'Mafalda', 3, '9676 Gilda Court\nSchultzfort, VT 66728'),
(4, 'Sanford', 'Dell', 7, '346 Goldner Forges Apt. 787\nLake Arielside, OH 79555-5112'),
(5, 'Kilback', 'Alysson', 8, '99444 Rosa Branch\nEast Susanville, CT 74968'),
(6, 'Bartell', 'Pasquale', 4, '33900 Predovic Crossing\nCasperhaven, TN 15927'),
(7, 'Beier', 'Mya', 4, '765 Schulist Points Suite 618\nWeissnathaven, ND 41063'),
(8, 'Ondricka', 'Thad', 8, '3163 Myrtie River\nNorth Jarrettshire, MS 72765'),
(9, 'Wilderman', 'Elfrieda', 6, '98305 Veum Turnpike\nRogelioport, VT 97517-7779'),
(10, 'Hahn', 'Chelsey', 10, '258 Maxwell Springs Apt. 878\nHamillport, KS 79766-3819'),
(11, 'Emmerich', 'Caroline', 1, '97017 Reymundo Route\nSchillerburgh, NY 73132-0311'),
(12, 'Armstrong', 'Gussie', 10, '2496 Welch Streets\nLemkeside, DE 77959'),
(13, 'McDermott', 'Ross', 10, '90659 Kiehn Loaf\nWest Reinholdport, VA 91326'),
(14, 'Heathcote', 'Lucy', 5, '39094 Dach Points Apt. 142\nSouth Jeromyborough, MI 52134-0037'),
(15, 'Hansen', 'Pasquale', 8, '2223 Lowe Isle\nNew Fredystad, OR 43929'),
(16, 'Ruecker', 'Dana', 3, '74207 Bahringer Glen Apt. 358\nPort Noel, SD 03263'),
(17, 'Altenwerth', 'Lorenza', 5, '25392 Deanna Inlet Suite 043\nWest Cathrynberg, OK 35183-1180'),
(18, 'Harris', 'Cathrine', 8, '60124 Ceasar Park Apt. 475\nCarrollmouth, VA 87670'),
(19, 'Smith', 'Karlee', 1, '754 Farrell Meadows Suite 528\nPort Gilberto, UT 81268-0749'),
(20, 'Rutherford', 'Gussie', 6, '83439 Markus Squares\nBednarfort, MI 53038-6143'),
(21, 'Schaden', 'Angel', 8, '57375 Gusikowski Shoal\nWest Mario, SC 95958-1605'),
(22, 'Feest', 'Axel', 4, '4512 Abdullah Mountains Suite 643\nEast Zackshire, OK 58353-2069'),
(23, 'Stamm', 'Guiseppe', 9, '015 Bins Harbors Apt. 597\nIsacberg, MI 97875-1210'),
(24, 'Eichmann', 'Eriberto', 2, '29200 Rafaela Hills Suite 363\nGloverburgh, HI 30954-2365'),
(25, 'Roob', 'Rigoberto', 2, '073 Perry Stravenue\nNew Hans, MD 77186'),
(26, 'Welch', 'Lexus', 9, '28389 Tristin Parkways Apt. 061\nLake Angelina, NV 44542'),
(27, 'Jerde', 'Macey', 1, '29543 Schroeder Mall Apt. 387\nSouth Mazie, LA 51081-1799'),
(28, 'Jast', 'Elisha', 9, '403 Waters Fall\nSisterville, IL 13330'),
(29, 'Schmidt', 'Augustine', 7, '708 Tremblay Lakes\nLake Dockfurt, ID 03635-5459'),
(30, 'Huel', 'Kadin', 3, '3882 Felton Stravenue Apt. 573\nSouth Claude, KY 43773-7820'),
(31, 'Feeney', 'Esmeralda', 1, '7695 Elliot Squares\nNorth Kaydenville, IA 85118'),
(32, 'Legros', 'Jeremie', 7, '5860 Braxton Union\nLake Sophie, PA 37716-0632'),
(33, 'Jakubowski', 'Keira', 3, '9766 Anastacio Neck\nLake Blanche, MA 41369-8350'),
(34, 'Schoen', 'Pierce', 8, '344 Hodkiewicz Meadows\nSouth Russel, NJ 17781'),
(35, 'Simonis', 'Vilma', 5, '91690 Koss Keys\nGaetanoburgh, MO 54945-3005'),
(36, 'Denesik', 'Gabriel', 10, '61552 Antonietta Run\nManteborough, UT 01651-6328'),
(37, 'Bayer', 'Elbert', 6, '81008 Zachariah Tunnel\nWest Perrystad, IN 11246'),
(38, 'Fahey', 'Maegan', 6, '2471 Glover Inlet\nPort Louvenia, MA 57747-5658'),
(39, 'Lubowitz', 'Deshawn', 4, '939 O\'Reilly Squares Apt. 760\nSouth Doramouth, ME 16916-6203'),
(40, 'Pouros', 'Caleb', 8, '527 Edwardo Streets Suite 166\nLake Johnathan, ID 63438'),
(41, 'Kshlerin', 'Oliver', 7, '76893 Ariane Lane\nNorth Arvidmouth, MN 96348-7361'),
(42, 'Leuschke', 'Mary', 5, '9538 Beahan View Suite 316\nSouth Alfordton, ID 01839-5841'),
(43, 'Klein', 'Lauryn', 7, '136 Heaney Crest Apt. 534\nDibbertview, NH 35456-8526'),
(44, 'Nicolas', 'Howell', 8, '5882 Simonis Meadows\nWest Meagan, MT 80180'),
(45, 'Kuhn', 'Danial', 9, '1175 Koch Keys\nWolfstad, KS 05263'),
(46, 'Ullrich', 'Cooper', 10, '439 Franecki Ramp\nHyattland, NY 88273-8644'),
(47, 'Kessler', 'Toy', 10, '8969 Eriberto Wells\nEichmannport, LA 00027'),
(48, 'Witting', 'Bernardo', 3, '7280 Purdy Crossing\nDahliahaven, CO 02202-7210'),
(49, 'Marks', 'Murphy', 2, '4306 Haley Spring\nGreenstad, NC 90058-6643'),
(50, 'Ernser', 'Jakayla', 3, '82194 Tremblay Fall\nPort Brooksfort, DE 01091-4007'),
(51, 'Hettinger', 'Marianna', 1, '8195 Albert Club Apt. 603\nEast Aubreefort, DE 91113-0708'),
(52, 'Hills', 'Bradley', 3, '29035 Block Orchard\nPierreland, CT 18640-6076'),
(53, 'Crona', 'Lottie', 5, '3699 Dorcas Road Apt. 495\nSouth Yesseniaburgh, SD 70809-5889'),
(54, 'Kris', 'Henderson', 10, '44649 Macey Viaduct Apt. 091\nIsomburgh, VA 88781-5969'),
(55, 'Hartmann', 'Carli', 3, '88528 Rempel Burg Suite 745\nSouth Delphiatown, WV 75598-4562'),
(56, 'Lindgren', 'Davion', 9, '684 Nikolaus Track Apt. 045\nD\'Amorehaven, FL 54885'),
(57, 'Cartwright', 'Chanelle', 3, '457 Okuneva Crest Suite 201\nQuintonside, AL 74217'),
(58, 'Barton', 'Johann', 10, '14675 Irma Coves Apt. 505\nPort Elinoreview, ME 10947-7816'),
(59, 'Roberts', 'Trever', 5, '1433 Jany Fork\nReidfort, OR 60908-2721'),
(60, 'Rath', 'Wayne', 1, '438 Frankie Route Suite 273\nJaceyport, WA 51843-6171'),
(61, 'Hartmann', 'Gaylord', 9, '08308 D\'Amore Drives Apt. 198\nSwiftmouth, WA 65537-6348'),
(62, 'Brekke', 'Stone', 5, '7740 Edmund Center\nKohlerbury, HI 72169-5811'),
(63, 'Kulas', 'Laney', 3, '783 Renner Station Suite 439\nPort Jerelberg, DE 56576-2587'),
(64, 'Rohan', 'Karley', 9, '1342 Smith Bypass\nLenoraberg, FL 39509-6118'),
(65, 'Raynor', 'Caden', 6, '8089 Towne Port Suite 790\nJakubowskiville, WV 35074-8946'),
(66, 'Stark', 'Mike', 1, '469 Williamson Streets Suite 914\nNew Brooks, PA 03455-3635'),
(67, 'Crooks', 'Litzy', 6, '463 Dallin Islands Apt. 563\nDestinmouth, UT 60693'),
(68, 'Mertz', 'Miller', 1, '853 Augusta Terrace\nWest Jeradmouth, AL 16352-2519'),
(69, 'Ortiz', 'Keely', 4, '58774 Nicklaus Stravenue\nRobertsfort, DE 44616'),
(70, 'Beahan', 'Doug', 8, '888 Belle Overpass\nPort Bill, MD 87314-8260'),
(71, 'Heathcote', 'Nadia', 9, '54216 Jakubowski Stream Suite 860\nKaileyton, DC 74763-8115'),
(72, 'Smitham', 'Albertha', 6, '4119 Sydney Loaf Suite 330\nCorwinhaven, AL 60493-6884'),
(73, 'O\'Keefe', 'Sandy', 8, '686 Marilou Plains Apt. 877\nKoeppside, MO 47450-6440'),
(74, 'Hyatt', 'Deangelo', 5, '7661 Schinner Hills Apt. 027\nLuluborough, KY 70055-9858'),
(75, 'Stamm', 'Friedrich', 2, '7420 Runte Squares\nMcClurestad, MO 47001-4740'),
(76, 'Macejkovic', 'Opal', 5, '569 Predovic Via\nWest Ernest, OR 62390'),
(77, 'Stroman', 'Demarco', 5, '168 Murphy Gardens\nSouth Willard, OH 03773-5908'),
(78, 'Goodwin', 'Bridie', 8, '07799 Meaghan Mountains Suite 514\nDarrickport, AR 08605-4612'),
(79, 'Goodwin', 'Kari', 5, '2636 Willms Turnpike Apt. 848\nNew Delfina, MA 43059-5110'),
(80, 'McKenzie', 'Krystal', 9, '9274 Eleonore Villages\nNicolasmouth, PA 22958'),
(81, 'Hansen', 'Santino', 1, '5561 Wisoky Village Apt. 309\nWest Samara, KS 21149'),
(82, 'Kautzer', 'Kamryn', 8, '52501 Ernesto Harbor\nPort Zelmaport, DE 70798-5643'),
(83, 'Price', 'Steve', 6, '490 Keeling Road\nBeatriceborough, NE 88799'),
(84, 'Braun', 'Rory', 1, '29700 Ciara Wall\nSouth Wilma, MN 63361'),
(85, 'Greenholt', 'Shemar', 6, '6899 Kerluke Green Suite 817\nLeannonview, MA 72270-5586'),
(86, 'Turner', 'Nyasia', 7, '7774 Penelope Cliffs\nSouth Jeff, ND 88775-4336'),
(87, 'Gulgowski', 'Imelda', 3, '16890 Pollich Square\nNew Stuartbury, CT 42138'),
(88, 'Collins', 'Casimer', 10, '7543 Flossie Trail Suite 992\nEast Florencioton, OH 79742'),
(89, 'Parisian', 'Lorenza', 8, '247 Burnice Ranch Apt. 003\nSouth Stefan, RI 49677-3952'),
(90, 'Schowalter', 'Sebastian', 5, '942 Britney Gateway\nWest Opal, OR 49641-0870'),
(91, 'Emmerich', 'Zachary', 3, '885 Elena Trail\nSouth Leannamouth, CO 42856-0061'),
(92, 'Hammes', 'Stevie', 10, '75471 Rodriguez Crossroad Apt. 066\nSouth Ottilie, TN 72019'),
(93, 'Franecki', 'Hailee', 6, '802 Jast Squares Apt. 411\nNorth Lloyd, KS 12944'),
(94, 'Walsh', 'Charlotte', 5, '65333 Ashlee Land Apt. 981\nWest Rashad, NH 51111'),
(95, 'Kertzmann', 'Fredrick', 5, '11697 Omer Islands Apt. 057\nPort Cortez, NH 14432'),
(96, 'Kris', 'Jamie', 8, '07297 Quitzon Canyon\nRicehaven, OH 19636-9327'),
(97, 'Mitchell', 'Stacey', 1, '253 Hermiston Dam Apt. 836\nLake Maiya, MD 79748'),
(98, 'Jenkins', 'Lempi', 8, '6630 Herman Stream Apt. 646\nPaytonfurt, FL 35896-9257'),
(99, 'Bednar', 'Declan', 1, '4880 Roxane Locks Apt. 950\nKonopelskifort, UT 21792-6661'),
(100, 'Bogan', 'Zaria', 4, '55361 Russel Place Apt. 310\nHellermouth, ND 80430-4742'),
(101, 'Block', 'Violet', 4, '84554 Ozella Hollow\nWelchview, LA 93883-6532'),
(102, 'Terry', 'Bennett', 3, '056 Giovani Neck Apt. 303\nLake Charliechester, MA 68545-5909'),
(103, 'Beier', 'Marco', 1, '72535 Earline Pass Apt. 339\nSouth Marilieville, OH 39677'),
(104, 'Nader', 'Jesse', 6, '9916 Alberta Orchard\nEdgardoburgh, KY 09635-6957'),
(105, 'Lubowitz', 'Johann', 3, '6675 Hills Brook Apt. 067\nBeierview, DE 27041-3268'),
(106, 'Stehr', 'Liza', 8, '82791 Hoyt Ways\nOkunevaside, ID 52619'),
(107, 'Friesen', 'Kelsi', 5, '638 Walker Island\nLake Glenmouth, AZ 68075-8574'),
(108, 'Rippin', 'Leopold', 3, '695 Bins Squares\nWest Bartonchester, OK 76684-0145'),
(109, 'Ullrich', 'Percy', 3, '0456 Morris Parks\nEnaview, WV 01814-4401'),
(110, 'Blick', 'Shaylee', 4, '835 Heller Street Suite 542\nPort Kelsi, WV 81750'),
(111, 'Bogan', 'Bridget', 5, '8938 Bosco Route Apt. 210\nAidaborough, NH 37384'),
(112, 'Jerde', 'Eugenia', 2, '73936 Corkery Stravenue\nNew Javonburgh, HI 13622'),
(113, 'Fisher', 'Eliseo', 8, '513 Lilliana Hollow\nLake Aiyana, ID 24975'),
(114, 'Steuber', 'Myah', 6, '918 Jeffery Lake Suite 609\nPort Kameronmouth, SC 85518-8354'),
(115, 'Konopelski', 'Henry', 6, '372 Newell Underpass\nHowellstad, IA 55888'),
(116, 'Pfannerstill', 'Carissa', 7, '87119 Macejkovic Falls Apt. 104\nEast Lauretta, ID 24094'),
(117, 'Koss', 'Alvina', 3, '058 Odessa Tunnel Apt. 396\nIvyfurt, OK 94358-6952'),
(118, 'Thompson', 'Mia', 6, '3034 Jensen Trail\nPalmamouth, CA 97361-1629'),
(119, 'Gaylord', 'Rachael', 9, '967 Stamm Road Apt. 111\nWillshire, SD 56768'),
(120, 'Ondricka', 'Jacklyn', 9, '29200 Cormier Freeway Apt. 250\nHamillbury, NE 23310'),
(121, 'Macejkovic', 'Sonya', 8, '2533 Jessyca Mountain Apt. 598\nNorth Adaport, NY 11341'),
(122, 'O\'Hara', 'Velva', 1, '138 Lesch Streets Apt. 314\nEast Sarina, WI 89557-8239'),
(123, 'Green', 'Jamal', 1, '349 Franecki Cove\nEstebanton, NC 60139-2246'),
(124, 'Kemmer', 'Alysa', 8, '735 Cronin Manor Apt. 109\nJoannyberg, IL 35696-8367'),
(125, 'Moen', 'Jennyfer', 9, '188 Brown Lane\nKuhicville, RI 13083-0852'),
(126, 'Adams', 'Glenda', 3, '7898 Douglas Squares\nNorth Lazaro, NV 18363'),
(127, 'Langworth', 'Lilly', 5, '90889 Nader Loaf\nNorth Leopoldochester, CT 56563-6641'),
(128, 'Moore', 'Brent', 8, '28124 Reichel Meadows Suite 358\nWest Gunnerchester, CA 99285-5794'),
(129, 'Ritchie', 'Kira', 7, '009 Lynch Wall\nGustavestad, PA 80693'),
(130, 'Pacocha', 'Melyna', 3, '79211 Soledad Shoals\nOvaport, WV 83852'),
(131, 'Will', 'Fay', 3, '4249 Morar Pike Suite 358\nSouth Ilene, FL 67605-6126'),
(132, 'McDermott', 'Rosendo', 10, '58959 Vincenza Club Suite 639\nNorth Kellenton, SD 61561'),
(133, 'Schneider', 'Garnet', 6, '55214 Wilfredo Port Suite 341\nPort Lew, AZ 44370-1964'),
(134, 'Dach', 'Ronaldo', 3, '801 Margarett Summit Suite 321\nHaleyhaven, KS 90812-5234'),
(135, 'Cruickshank', 'Jacky', 7, '854 Enrique Lodge\nTinaville, UT 85312-1784'),
(136, 'Bergstrom', 'Jamaal', 7, '8102 Reid Trail Apt. 757\nPort Randihaven, VT 33135-3697'),
(137, 'Hackett', 'Rusty', 1, '8974 Hansen Road Suite 135\nBernierview, OK 74233'),
(138, 'Toy', 'Virgil', 6, '850 Alfonso Parkway Suite 761\nNorth Anya, RI 46396'),
(139, 'Beahan', 'Brendon', 9, '46009 Larue Brooks Suite 311\nSouth Muhammad, OK 26363-4312'),
(140, 'Yost', 'Gunnar', 10, '389 Padberg Valleys Apt. 203\nLake Jessie, GA 60610-3949'),
(141, 'Macejkovic', 'Dora', 6, '4215 Lowe Court Apt. 148\nLake Toni, SC 32564'),
(142, 'Effertz', 'Elroy', 9, '523 Morar Harbor\nEast Reece, GA 48230-3732'),
(143, 'Macejkovic', 'Devin', 9, '82435 Justina Junction Suite 140\nNew Mohammadshire, ND 16821-0054'),
(144, 'Jast', 'Gudrun', 5, '536 Sawayn Island\nIvahborough, AK 35917'),
(145, 'Pagac', 'Delmer', 1, '12578 Hadley Place\nOlsonton, WI 93882-3057'),
(146, 'Altenwerth', 'Emmett', 1, '085 Abbott Estate\nWilfredfort, OR 26253-9264'),
(147, 'Goodwin', 'Yasmeen', 3, '931 Harber Viaduct Apt. 763\nO\'Reillychester, AK 24561'),
(148, 'Greenholt', 'Eliane', 3, '3378 Armstrong Plain Suite 483\nChynaborough, NH 65375-5012'),
(149, 'Gutmann', 'Kellen', 10, '2514 Art Lane\nBoganshire, NH 36881-5996'),
(150, 'Schowalter', 'Coy', 9, '99623 Dooley Rapids Suite 110\nEast Doviebury, NC 94459-7850'),
(151, 'Frami', 'Jeffery', 6, '927 Roberts Ramp Apt. 907\nPowlowskifurt, ME 26260'),
(152, 'Ziemann', 'Wendy', 9, '108 Rosemarie Mountains Suite 359\nYostburgh, ME 41553'),
(153, 'Zboncak', 'Nathan', 7, '8812 Wilderman Rest Apt. 392\nCruickshankstad, VT 84230'),
(154, 'Erdman', 'Jarrell', 6, '112 Hartmann Neck Apt. 365\nKoeppborough, MO 74247'),
(155, 'Herzog', 'Lesley', 7, '9825 Delpha Centers\nAdamsmouth, TX 68090-5081'),
(156, 'Keebler', 'Greg', 4, '8415 Mariah Meadows Suite 263\nHeaneyfurt, SD 67865-4056'),
(157, 'Schumm', 'Alexander', 2, '825 Hilma Estates\nEast Virginie, MN 27322-0240'),
(158, 'Crona', 'Edwardo', 3, '929 Considine Port Suite 211\nDemarcochester, CO 93975-2053'),
(159, 'Trantow', 'Dimitri', 3, '9184 Boehm Rest Apt. 103\nLeonardoport, OH 10682-6066'),
(160, 'Blick', 'Richard', 4, '19106 Keeling Station\nCaspermouth, KY 28440'),
(161, 'Hettinger', 'Kaden', 8, '7017 Denesik Motorway Suite 774\nSouth Joelleborough, ID 52240-2804'),
(162, 'Heathcote', 'Magdalen', 4, '8916 Irwin Mission\nNew Dawn, MI 30495'),
(163, 'Kemmer', 'Raymundo', 10, '367 Evalyn Grove\nLydiaton, AK 49660-0397'),
(164, 'Ebert', 'Keely', 3, '36584 Lelia Valleys\nEast Mozelle, MA 41796'),
(165, 'Kozey', 'Jerel', 9, '116 Bernhard Creek\nWest Jarrod, IN 40032-8693'),
(166, 'Hoeger', 'Holden', 6, '624 Jayden Drive Apt. 041\nEmmaleeshire, AR 36001-4483'),
(167, 'Walker', 'Armando', 4, '237 Althea Road\nRitafurt, DE 13815-7728'),
(168, 'Ortiz', 'Alysson', 5, '25496 Federico Glen\nLake Darrel, CO 38186-9056'),
(169, 'Bergnaum', 'Titus', 5, '707 Sauer Prairie Apt. 035\nSouth Denis, WI 63215'),
(170, 'Ernser', 'Ike', 4, '5172 Emmie Alley Suite 251\nLake Ernestina, TX 38108'),
(171, 'Jakubowski', 'Bo', 4, '309 Raphael Spur\nQuitzonton, TX 03542'),
(172, 'Haley', 'Alexandrine', 9, '0611 Bonnie Locks Suite 882\nEmmaleetown, RI 79957-8938'),
(173, 'Reichert', 'Constance', 8, '3091 Kendall Burg\nTwilaton, SC 30131'),
(174, 'Towne', 'Genoveva', 1, '4466 Margret Course\nMcCulloughfort, MD 34788'),
(175, 'Gottlieb', 'Korey', 9, '6844 Herman Summit\nGuidoshire, NM 42971'),
(176, 'Kemmer', 'Elinor', 10, '5700 Homenick Spring Apt. 003\nLaurynfurt, VT 87480-1794'),
(177, 'Will', 'Johan', 1, '941 Twila Row\nNew Maximusside, AR 68034-7602'),
(178, 'Aufderhar', 'Elisha', 9, '95940 Wanda Locks Suite 889\nReubenview, WA 94670-6295'),
(179, 'Cummerata', 'Tony', 6, '5690 Mayer Mills\nNew Matilda, CT 73106'),
(180, 'Strosin', 'Alex', 1, '607 Rey Port Suite 869\nAylaborough, TX 21253-9368'),
(181, 'Legros', 'Anne', 6, '9666 Joana Prairie\nMaximilliafurt, HI 82395-7228'),
(182, 'Pollich', 'Douglas', 1, '8563 Dillan Lodge\nLake Haskellmouth, NY 43368-6475'),
(183, 'Yundt', 'Arlo', 9, '84020 Cole Union Apt. 399\nWest Abbie, IA 26032-3136'),
(184, 'Collier', 'Devan', 7, '6346 Emelie Branch\nJohnsmouth, LA 45373'),
(185, 'Bahringer', 'Cortney', 6, '02207 Cristopher Mount Suite 945\nLehnerfort, ID 51450-3022'),
(186, 'Leffler', 'Devonte', 1, '4385 Juana Points Suite 061\nLake Ottilie, NC 58654'),
(187, 'Strosin', 'Shirley', 6, '127 Jamison Lodge Apt. 055\nElyssafurt, LA 71107-8310'),
(188, 'Gerhold', 'Marcos', 4, '946 Bergnaum Mount Suite 056\nSouth Haileymouth, ID 50336-9984'),
(189, 'Hessel', 'Rodrigo', 6, '75089 Carolyn Glen\nJoeberg, SD 49953'),
(190, 'Fadel', 'Easter', 7, '83937 Moen Circles Apt. 370\nNorth Nola, HI 13819'),
(191, 'Doyle', 'Alexys', 2, '09110 Kassulke Common Suite 076\nDanielborough, WV 41195-1158'),
(192, 'Herman', 'Jesus', 3, '93768 Stiedemann Mall Suite 279\nPort Rosaleeville, PA 76319-9153'),
(193, 'Franecki', 'Karlie', 10, '5100 Rafael Mountains Suite 768\nSouth Christopher, RI 58695'),
(194, 'Reichert', 'Magdalen', 9, '3276 Vallie Trail Apt. 457\nLake Kianna, NJ 67222'),
(195, 'Effertz', 'Nestor', 9, '92244 Stroman Plains\nVanside, CT 62447'),
(196, 'Balistreri', 'Kiel', 8, '0138 Lindsey Squares\nNamehaven, RI 12279'),
(197, 'Kovacek', 'Benny', 5, '06573 Carroll Track Apt. 013\nFisherton, AR 71256'),
(198, 'Gutmann', 'Deven', 9, '1611 Crawford Harbors Apt. 650\nKesslertown, OK 57239'),
(199, 'Waelchi', 'Augusta', 9, '8727 Jedediah Spurs Apt. 552\nBrycenburgh, ME 10808'),
(200, 'Langosh', 'Joseph', 5, '6652 Mariah Expressway\nPort Armando, NV 84726-4349');

-- --------------------------------------------------------

--
-- Table structure for table `office`
--

CREATE TABLE `office` (
  `id` int(11) NOT NULL,
  `name` varchar(45) NOT NULL,
  `contactnum` varchar(45) DEFAULT NULL,
  `email` varchar(45) DEFAULT NULL,
  `address` text DEFAULT NULL,
  `city` varchar(45) DEFAULT NULL,
  `country` varchar(45) DEFAULT NULL,
  `postal` int(11) DEFAULT NULL
) ENGINE=InnoDB DEFAULT CHARSET=utf8mb4;

--
-- Dumping data for table `office`
--

INSERT INTO `office` (`id`, `name`, `contactnum`, `email`, `address`, `city`, `country`, `postal`) VALUES
(1, 'Haag Ltd', '+34(4)2846758860', 'cOsinski@Wiza.info', '5008 Maximus Green Suite 108\nEast Jaclyn, ND 31793-5660', 'Karlieborough', 'Luxembourg', 82348),
(2, 'Ernser, Lesch and Feest', '873.168.3375', 'Cade39@yahoo.com', '7516 Kirk Unions Suite 961\nMedaberg, WI 87435', 'Wolffside', 'Poland', 65533),
(3, 'Medhurst, Jast and Daniel', '546-023-0902x99942', 'Karley.Swaniawski@hotmail.com', '804 Maye Station\nPort Betty, KY 95576-5813', 'Lake Freida', 'Afghanistan', 57107),
(4, 'Thompson, Kulas and O\'Conner', '07062163338', 'mFahey@Kassulke.com', '143 Kade Haven\nPort Rocio, MT 08429', 'Verdieton', 'Tonga', 77067),
(5, 'Ernser, Dach and McKenzie', '971-822-2689x579', 'Ward.Lesly@Hodkiewicz.info', '64269 Legros Harbors Suite 455\nNorth Chaya, NE 21501-5039', 'Kuvalisburgh', 'Mozambique', 43312),
(6, 'Predovic Inc', '1-475-727-9796x52074', 'nWintheiser@gmail.com', '0179 Makenna Heights\nOsborneville, NV 21491-0909', 'Chesterstad', 'Saint Pierre and Miquelon', 74452),
(7, 'Douglas Group', '(454)349-2378x5379', 'Jocelyn52@Schmeler.com', '8160 Beier Creek Suite 501\nNew Taryn, CA 07274', 'Skylarmouth', 'Martinique', 86376),
(8, 'Hermiston-Klocko', '+60(4)3472058555', 'Stephanie84@Schowalter.com', '91720 Willms Station\nEast Ednachester, IA 34687-0363', 'Faheytown', 'Tanzania', 6765),
(9, 'Kihn Ltd', '660-036-4175x5659', 'Wilfredo49@hotmail.com', '95475 Kariane Loaf\nNorth Mercedes, FL 20224-2841', 'Leonorashire', 'Morocco', 10984),
(10, 'Parker-Kreiger', '1-647-179-3525x56166', 'Toney.Graham@hotmail.com', '5484 Sipes Trace Apt. 031\nSouth Shanonfort, ME 55779-2448', 'Blickland', 'Faroe Islands', 59657),
(11, 'Crooks, Borer and Mohr', '615-944-7919', 'lGottlieb@gmail.com', '789 Lacy Trail\nKlingborough, MA 40291', 'Zelmahaven', 'Guinea-Bissau', 11642),
(12, 'Fadel Ltd', '575.900.1050x444', 'Lauretta.Borer@Swift.com', '4045 Cummings Place Suite 743\nHintzbury, WA 61334-8421', 'Eichmannland', 'Honduras', 61127),
(13, 'Rogahn, Bradtke and Feil', '443.383.5039', 'qHarber@hotmail.com', '78516 Nels Green\nWest Geo, NH 59765', 'East Cade', 'Thailand', 12628),
(14, 'Gottlieb, Dooley and Runte', '688-294-1251', 'Willie55@yahoo.com', '176 Schowalter Cape Apt. 608\nPort Micah, PA 33469-2567', 'South Hassiechester', 'Senegal', 85851),
(15, 'Wolff PLC', '1-384-602-1496', 'Abernathy.Thelma@Nikolaus.com', '00996 Towne Courts\nSouth Lennie, AL 06925-0697', 'West Geraldineberg', 'Cambodia', 18201),
(16, 'Murphy LLC', '627.892.3081x6808', 'cKohler@Gutkowski.com', '27523 Reinger Route Apt. 835\nRogahnland, GA 16657', 'South Imaport', 'Malaysia', 35416),
(17, 'Tremblay, Wintheiser and Cremin', '619-368-1863x4977', 'Tom55@Heller.info', '47436 Cortez Village\nMaudiemouth, WY 45724-9059', 'Port Lia', 'Kiribati', 56945),
(18, 'Schumm, Pagac and Hansen', '06260535628', 'qHagenes@Kautzer.biz', '6817 Wilfred Burg Suite 686\nDeckowhaven, VA 65380-8392', 'West Rachael', 'Egypt', 11320),
(19, 'Pfeffer, O\'Conner and Jenkins', '335-966-3061', 'Pietro22@Denesik.com', '0315 Will Trafficway Apt. 219\nCristinaville, TX 55884-7351', 'Streichfort', 'Cocos (Keeling) Islands', 96745),
(20, 'Kemmer Ltd', '00045629825', 'Schmitt.Wilmer@yahoo.com', '30592 Reynolds Locks Apt. 944\nEdmondton, CA 16747-3758', 'Port Estelleborough', 'Mozambique', 90353),
(21, 'DuBuque, Streich and Mann', '1-269-554-3849x52490', 'Florence84@gmail.com', '559 Landen Expressway\nHeidenreichstad, DC 77815-3406', 'Port Greyson', 'Gabon', 14428),
(22, 'Jacobi Ltd', '507.457.4831x59092', 'Jordi.Cummings@yahoo.com', '7279 Schumm Haven\nJimmyville, AK 45774', 'East Domingo', 'Seychelles', 7502),
(23, 'Kassulke-Skiles', '1-807-249-4621x8308', 'mBreitenberg@Willms.org', '6140 Leanna Trail Apt. 103\nLake Lincoln, ND 83179-3021', 'North Andersonhaven', 'Nepal', 55700),
(24, 'Gleichner and Sons', '(547)920-6340', 'yDare@hotmail.com', '73548 Samanta Lights Suite 917\nLake Javon, MS 41583', 'East Kasandra', 'Greece', 51836),
(25, 'Leannon-Denesik', '1-629-087-6616', 'jKertzmann@hotmail.com', '35126 Dach Canyon Apt. 817\nDuBuquehaven, NC 76238-8871', 'Jalenside', 'Lithuania', 51327),
(26, 'Harvey-Rosenbaum', '+38(7)8527326680', 'Durgan.Vernie@Emard.com', '300 Sarah Park Apt. 059\nBinsborough, MT 93786-0765', 'West Ola', 'Liechtenstein', 43734),
(27, 'Walker, Lowe and Rolfson', '946-289-6897x788', 'Dimitri.Fay@Dach.com', '56252 Lowe Field Apt. 948\nNorth Ed, ME 64498-7187', 'Rueckerberg', 'Moldova', 39471),
(28, 'Beer-Luettgen', '(274)121-2349x064', 'lStehr@yahoo.com', '1348 Helena Row Apt. 612\nAlisastad, TX 58362', 'Hesselville', 'Netherlands Antilles', 29593),
(29, 'Blanda PLC', '(339)325-0559x67385', 'Tobin22@hotmail.com', '292 Lebsack Burg\nNorth Luna, MO 89896', 'New Lorenzo', 'Lebanon', 52880),
(30, 'Haag, Stark and Johnson', '(701)907-4043', 'Russel.Gilda@Swaniawski.net', '4964 Bins Motorway Suite 994\nKassandrabury, GA 95175-0168', 'Port Ron', 'Israel', 45477),
(31, 'Berge-Prosacco', '380.948.2218x0355', 'Reinger.Luisa@hotmail.com', '03079 Ignatius Dale Apt. 898\nNorth Camren, VA 76339-4553', 'Dibbertshire', 'Liberia', 83142),
(32, 'Dibbert, Stroman and Lubowitz', '1-199-048-9887', 'Lacy.Rath@Herzog.com', '0236 Issac Lodge\nWeimannstad, NH 02699-7936', 'Arnulfoberg', 'Western Sahara', 82358),
(33, 'Bailey-Toy', '1-407-491-0844', 'Strosin.Frank@Hilpert.info', '038 Pat Mission Suite 116\nWest Angelburgh, SC 91621', 'Lake Shyann', 'American Samoa', 60862),
(34, 'Effertz Ltd', '(255)435-5953x290', 'Howe.Unique@hotmail.com', '547 Bethany Valley Apt. 455\nSpinkaport, IA 24117', 'Port Erinfurt', 'Togo', 76803),
(35, 'O\'Kon Ltd', '(960)598-2828x1268', 'Mohammad34@yahoo.com', '908 Dolly Rest Suite 074\nEarlside, AL 39203-5950', 'Lake Delmer', 'Saint Martin', 83154),
(36, 'Botsford-Lind', '241-363-5743', 'Cornell.Langworth@Kerluke.com', '39874 Eddie Springs Apt. 425\nNew Earlmouth, CO 61820', 'North Beverlychester', 'Samoa', 58369),
(37, 'Zemlak and Sons', '(686)934-9202', 'Maci39@yahoo.com', '455 Luettgen Views\nNorth Pascale, AZ 95275', 'East Ara', 'Serbia', 63226),
(38, 'Mueller-Schmeler', '350-356-4329x5211', 'tLangworth@yahoo.com', '574 Ed Estate\nCollierfort, MI 09884', 'North Mattieshire', 'Qatar', 80588),
(39, 'Macejkovic-Grimes', '(149)880-2446x95298', 'Nia94@Yost.com', '04573 Terry Wall\nEast Maynardchester, KY 55533', 'East Braxtonton', 'Tajikistan', 85922),
(40, 'Goldner-Ondricka', '1-533-286-8853x57164', 'Ralph91@hotmail.com', '048 Jakubowski Walks\nStarkshire, CT 02703-0272', 'New Jalyn', 'Malawi', 57948),
(41, 'Nitzsche, Cruickshank and Fadel', '723-152-3331x6886', 'lKlein@Durgan.com', '7538 Sunny Plain Suite 713\nNorth Bethport, ME 15278', 'Lake Phyllis', 'Mayotte', 60780),
(42, 'Dicki, Zboncak and Koss', '1-630-384-3186x4864', 'Kasandra.Feil@hotmail.com', '93976 Nova Landing\nZoieland, VA 06255-9001', 'East Florence', 'Timor-Leste', 32606),
(43, 'Dietrich, Nienow and Langosh', '1-461-143-2245', 'sRohan@yahoo.com', '90071 Lori Place Apt. 696\nAlexysside, MS 27437-8084', 'Lake Ernestine', 'Serbia', 98768),
(44, 'Legros and Sons', '1-012-073-0869x4478', 'Maci34@Corwin.net', '53028 Mary Canyon\nNorth Rodger, CT 37663', 'East Florineton', 'Svalbard & Jan Mayen Islands', 70263),
(45, 'Spencer-Kreiger', '(866)055-1941', 'Hailey42@hotmail.com', '36773 Ashton Mountains Suite 177\nNew Andersonstad, CT 99466', 'Mohrchester', 'Ireland', 9499),
(46, 'Rath-Schiller', '133.822.3465', 'Rachelle.Reichert@hotmail.com', '3674 Olin Trafficway\nLake Turner, ND 85920-8496', 'Roelhaven', 'Svalbard & Jan Mayen Islands', 11426),
(47, 'Kuphal Group', '108.833.3299x54064', 'Aglae96@Terry.net', '7781 Viva Cliffs Suite 333\nEast Cesarton, WA 66126', 'Mooremouth', 'Senegal', 5921),
(48, 'Ankunding, Labadie and Stamm', '986.300.5513x9545', 'Naomi.Nitzsche@gmail.com', '312 Rosemarie Orchard Apt. 691\nWest Carleton, NJ 72920-6110', 'Franeckimouth', 'Honduras', 24864),
(49, 'Bogan-Stroman', '621.734.0937x0074', 'Alyson45@Ankunding.com', '37126 Deckow Station\nRennerhaven, ME 71509-0364', 'New Eraland', 'Heard Island and McDonald Islands', 49740),
(50, 'Waelchi Group', '1-554-311-6790x899', 'Okuneva.Augustine@Reilly.com', '6529 Antwon Courts\nKautzerside, WI 91607-7280', 'North Jamarcusmouth', 'Seychelles', 25886),
(51, 'O\'Hara, Lakin and Mertz', '1-998-521-4917x1396', 'Whitney02@Kling.com', '54385 Padberg Cove Apt. 276\nNew Buddyburgh, MS 50286-0656', 'Runtemouth', 'Mongolia', 97545),
(52, 'Feeney Ltd', '714.725.4428x780', 'Monique06@Haley.com', '0672 London Plaza\nHarberborough, NC 83453', 'Bernardoborough', 'Cameroon', 94475),
(53, 'Wilkinson, Wisozk and Swaniawski', '1-493-499-1357x219', 'Roel.Koss@Kris.com', '038 Della Tunnel Suite 152\nAnabelhaven, MI 89072', 'Port Chanelleside', 'Slovakia (Slovak Republic)', 13653),
(54, 'Bogisich, Armstrong and Larson', '1-195-872-6660x9739', 'Misty44@Veum.com', '67348 Botsford Drive\nWest Lamarport, CA 00211', 'Lynchborough', 'Romania', 76770),
(55, 'Cruickshank, Jakubowski and Kovacek', '1-601-283-0458', 'Darron15@Hammes.com', '88110 Madison Curve\nNew Rhoda, NV 04019', 'Louisastad', 'France', 10368),
(56, 'Predovic, Effertz and Fahey', '(434)584-9090x420', 'bOKon@Cruickshank.biz', '970 Carson Summit\nEast Seamus, ID 18537', 'Lupeburgh', 'Trinidad and Tobago', 66995),
(57, 'Kilback, Moen and Hyatt', '(840)751-8127x015', 'cHahn@Orn.com', '8413 Daron Village Apt. 569\nNew Briashire, MD 11207', 'Mosciskiside', 'Seychelles', 68213),
(58, 'Cassin, Lueilwitz and Watsica', '306-788-5757x62415', 'yDach@hotmail.com', '681 Orn Island\nNorth Margarett, NH 13586-4074', 'Mosciskiview', 'Djibouti', 44049),
(59, 'Bogisich-Considine', '(664)407-5996x361', 'Ressie53@gmail.com', '21726 Maurine Wall Apt. 276\nNew Hilarioville, NV 12098', 'Albertfurt', 'Iraq', 31001),
(60, 'Rohan Inc', '03244637802', 'Stark.Nadia@hotmail.com', '5514 Elnora Lake Apt. 481\nSouth Zoie, NH 26741-8053', 'Port Lily', 'Cameroon', 39383),
(61, 'Mann-Brakus', '+81(1)3177227863', 'Jade09@Cummings.com', '85742 Cyrus Ports Apt. 222\nNannieton, KS 75942', 'New Lenora', 'French Polynesia', 59645),
(62, 'Roob-Mohr', '242.006.2022x6801', 'Ivy.Schowalter@Hilpert.com', '709 Lindsay Forks Apt. 012\nMurphyfort, AR 63224-4657', 'Lake Alessia', 'Chad', 95645),
(63, 'Hilll Ltd', '07742029993', 'Schultz.Danyka@Mertz.com', '24572 Little Locks Apt. 216\nLake Jeanieview, MD 49245-6585', 'Amberborough', 'Panama', 63997),
(64, 'Gleason, Kihn and Padberg', '1-381-239-8660x2736', 'Mary.Crist@gmail.com', '1080 Kub Fords\nHeaneyburgh, NC 96125', 'New Pasqualefurt', 'Guernsey', 91146),
(65, 'Wiegand-Beier', '1-397-063-2039x67087', 'Denesik.Brice@Walker.com', '09767 Thiel Curve Suite 183\nChristiansenborough, LA 13033', 'Madalynbury', 'Iceland', 31998),
(66, 'Bogan Inc', '395-568-3503', 'dHyatt@gmail.com', '15955 Osvaldo Glen Suite 452\nAllieton, NJ 10283-0594', 'Schummmouth', 'Philippines', 20271),
(67, 'Cartwright LLC', '250-253-3498', 'zRussel@yahoo.com', '491 Cassin Street Suite 073\nPeggieport, NY 31652', 'Port Kayside', 'Heard Island and McDonald Islands', 56386),
(68, 'Wolff Inc', '1-709-404-2949x901', 'Garnet45@yahoo.com', '466 Ladarius Haven Suite 321\nErnestoton, MN 01499', 'North Cyrilmouth', 'Svalbard & Jan Mayen Islands', 66877),
(69, 'Predovic Group', '016-160-9468x330', 'Bahringer.Hope@gmail.com', '63826 Wilmer Shoal Apt. 962\nWest Alethaside, SC 38159-0673', 'Lake Sandra', 'Peru', 99195),
(70, 'Morar Inc', '114.876.6810', 'Candelario52@yahoo.com', '291 Gusikowski Hills Apt. 789\nEribertoberg, ND 06877', 'Annetteburgh', 'Syrian Arab Republic', 50014),
(71, 'Carroll-Hyatt', '485-239-3109x1644', 'hSchoen@Buckridge.com', '7802 Amina Knolls Suite 332\nLake Allen, ID 52541-8469', 'Noeliachester', 'Ethiopia', 85478),
(72, 'Fay Inc', '1-832-864-6980x7839', 'Everardo.Grady@Ankunding.com', '8165 Morar Haven\nWatsicachester, IN 93074-5027', 'Littelhaven', 'Cameroon', 27337),
(73, 'Powlowski, Schuster and Hamill', '+61(4)1259498923', 'DAmore.Joanny@hotmail.com', '178 Casey Court Suite 463\nNorth Kenneth, MD 36456', 'North Michaelastad', 'Paraguay', 31125),
(74, 'Padberg Group', '+60(4)2709507493', 'Pasquale59@Bashirian.org', '45077 Dillan Rapids Apt. 822\nMaybellemouth, WA 98288', 'South Darrel', 'Gabon', 70607),
(75, 'Rice, Mann and Shields', '866.691.3362x395', 'Reichel.Dock@yahoo.com', '124 Corkery Points Apt. 728\nHermanntown, TX 21762', 'Gracielaberg', 'Zimbabwe', 98620),
(76, 'Reynolds-Reilly', '+81(4)6136200539', 'Armstrong.Roderick@Kassulke.com', '72828 Brice Parks\nBartolettiside, DC 19770-2818', 'Ritchiemouth', 'Montserrat', 19226),
(77, 'Carroll, Schmeler and Wehner', '+32(6)9876050337', 'jSkiles@Klein.net', '444 Barney Station\nPort Flo, WV 75242', 'Sipesfort', 'Sudan', 35400),
(78, 'Runte, Ullrich and Heller', '784.829.0401x526', 'Elizabeth.Zulauf@yahoo.com', '603 Lang Spur Suite 947\nNew Theo, FL 57772', 'Raleighfort', 'French Polynesia', 20938),
(79, 'Emard, Stehr and Schmeler', '353-305-0309x04568', 'lCole@Will.com', '911 Hermiston Lock Suite 108\nMadelinehaven, WI 30839', 'South Vickyhaven', 'American Samoa', 66762),
(80, 'Huel-Schaden', '1-817-317-7622x6493', 'Dickens.Graham@Tromp.com', '624 Fred Tunnel Suite 976\nSouth Laynestad, VT 62901-9690', 'Lake Harrisonshire', 'Saint Pierre and Miquelon', 97258),
(81, 'Koepp-Powlowski', '791.712.7347', 'yBahringer@gmail.com', '033 Beatty Mills Apt. 656\nSouth Sidneyborough, RI 74865-6838', 'Ivahhaven', 'Brazil', 79184),
(82, 'Funk PLC', '(185)514-4739x970', 'oGrady@hotmail.com', '3514 Raymundo Circles\nJulianatown, NH 34775-4628', 'South Joey', 'British Indian Ocean Territory (Chagos Archip', 89874),
(83, 'Jerde-Schamberger', '170-128-8545x415', 'Emmett82@Franecki.com', '152 Elta Drive Apt. 844\nSouth Okey, CA 94937', 'Lilianberg', 'Macedonia', 42372),
(84, 'Sipes, Ankunding and Quigley', '291-045-1397x1522', 'Nona27@hotmail.com', '31456 Stoltenberg Rue Suite 334\nKyliemouth, NH 30886', 'West Angelina', 'Algeria', 69831),
(85, 'Jast and Sons', '1-161-910-5975x96441', 'Deion69@Marquardt.com', '55667 Dannie Wells\nEast Vivianfort, VT 94487', 'Port Reubenport', 'Holy See (Vatican City State)', 44905),
(86, 'Bode, Dickens and Wolf', '630-031-1468x6861', 'Alex.Williamson@Tremblay.com', '93679 Rhea Harbors\nNew Waylonmouth, IA 01269', 'Evangelineview', 'Chad', 71527),
(87, 'Schneider PLC', '08324843300', 'Bergstrom.Antoinette@Dach.com', '290 Grady Tunnel\nKenfurt, VA 73180-6423', 'North Tyrelmouth', 'Mexico', 54672),
(88, 'Blanda Inc', '+31(3)8182249914', 'Camren.Bernhard@yahoo.com', '5864 Lonzo Cove\nNorth Citlalliton, CA 65707', 'Olaftown', 'French Guiana', 69176),
(89, 'Strosin LLC', '556.920.4994', 'Weber.Hector@Cremin.com', '7998 Aniya Row Suite 689\nSouth Arlostad, CT 17503', 'East Shainaview', 'Lebanon', 91368),
(90, 'Runte and Sons', '378-161-6214', 'Tina66@hotmail.com', '536 Paucek Squares\nPort Loisview, NM 60338', 'Lake Camillaport', 'Montenegro', 44714),
(91, 'Dicki-Schaefer', '+13(6)5461859111', 'tQuigley@Johnston.biz', '7214 Legros Bridge\nPort Roslynfurt, NC 51861-3048', 'Lake Lavon', 'Dominica', 92666),
(92, 'Hermiston, Wisozk and Rath', '272-589-2667x463', 'Immanuel35@yahoo.com', '84696 Barrows Summit\nNew Cynthia, NY 34767', 'North Hope', 'Spain', 65395),
(93, 'Botsford, Medhurst and Hand', '(889)660-8252', 'Heidenreich.Carol@gmail.com', '556 Gisselle Views Suite 519\nFunkburgh, AR 28067', 'Janelletown', 'Canada', 90439),
(94, 'Bailey-Dickens', '1-501-971-0194', 'Josefa.Yundt@Powlowski.com', '0727 Balistreri Expressway\nHarbertown, ND 70076', 'Joanybury', 'New Zealand', 65780),
(95, 'Okuneva-Greenfelder', '845.614.9800x42392', 'Daugherty.Gail@Hansen.com', '50212 Runte Trafficway\nNew Winstonstad, DE 20760', 'Port Jammie', 'Venezuela', 61052),
(96, 'Kulas, Collier and Mohr', '298.215.0293', 'cLueilwitz@gmail.com', '407 Jerry Center\nZemlakfurt, MT 68580-4005', 'Port Terrell', 'Saint Vincent and the Grenadines', 15845),
(97, 'Herman Ltd', '279-061-1361x015', 'yMcClure@gmail.com', '9247 Stamm Island\nToyburgh, CT 04002-8926', 'Lake Mac', 'Cyprus', 63792),
(98, 'Ratke Ltd', '454.942.6222x5963', 'tBailey@yahoo.com', '51759 Emmerich Cape Apt. 370\nJaycefort, DC 31218-5921', 'Port Juddshire', 'Sri Lanka', 11215),
(99, 'Huel, Barton and Smith', '07425292445', 'mKertzmann@Wuckert.com', '1776 Sherman Ramp\nSouth Austen, MI 63940', 'Lake Zoraport', 'Vietnam', 36240),
(100, 'Runte LLC', '(817)789-1525x932', 'King.Rohan@hotmail.com', '0205 Clemens Plains\nKihnton, WA 93497', 'Lake Imaniton', 'Burundi', 69286),
(101, 'Sawayn-Denesik', '786-928-2208', 'Ritchie.Guido@Pagac.com', '977 Bette Square\nLake Max, CT 97677', 'New Tremouth', 'British Virgin Islands', 80106),
(102, 'Schiller, Mosciski and Emard', '292-115-4594x6105', 'Frederic.Romaguera@Kris.com', '408 Caesar Points\nEast Omariport, NV 97286', 'New Elizabethmouth', 'El Salvador', 36490),
(103, 'Maggio, Senger and Treutel', '+36(4)7030675332', 'Cory56@hotmail.com', '60248 Maia Brooks Suite 076\nSaigeland, CO 57276-9493', 'Zulaville', 'Macao', 24781),
(104, 'Rosenbaum, Keebler and Dare', '194-102-7344x3184', 'jLarson@yahoo.com', '77797 Wiza Motorway Apt. 673\nPort Eloisa, ID 97409', 'Kalifort', 'Korea', 16116),
(105, 'Schimmel LLC', '015.458.4586x56719', 'Richie.Nicolas@yahoo.com', '550 Merle Forge\nEthylland, KS 57457', 'Craigtown', 'Bulgaria', 90106),
(106, 'Gorczany-Powlowski', '+91(9)2461572309', 'Margaret.Murazik@Emmerich.info', '4572 Trisha Shoal Suite 772\nO\'Konland, GA 60055', 'Darrickton', 'Sierra Leone', 53853),
(107, 'Rodriguez LLC', '+63(1)5768476650', 'Scot44@yahoo.com', '899 Leonie Prairie\nWalshland, OH 96811-3768', 'New Myrticeview', 'Slovenia', 60011),
(108, 'Lakin, Cronin and Oberbrunner', '01483172497', 'Lynn.Muller@Williamson.com', '2598 Dietrich Junction\nNorth Kenyon, MN 51404', 'Elisechester', 'Tonga', 1101),
(109, 'Purdy and Sons', '+84(1)2163453209', 'Walter.Lola@hotmail.com', '426 Dereck Tunnel\nReynoldston, ID 21934', 'North Antonetta', 'Cambodia', 37791),
(110, 'Hyatt-Mertz', '022.234.1241x172', 'Willard.Beahan@gmail.com', '763 Hilpert Wells Suite 881\nFritschbury, MA 34062-2725', 'Port Jadynside', 'Saint Vincent and the Grenadines', 1589),
(111, 'Moen-Veum', '607.226.0195x1305', 'Rafaela30@gmail.com', '02030 Daniel Courts\nNorth Gerardochester, OR 45261-3748', 'East Jalontown', 'Philippines', 75717),
(112, 'Cartwright LLC', '(182)679-6713', 'bOKon@gmail.com', '5624 Hand Field Apt. 002\nBednarfort, ND 57079-8633', 'West Scottieberg', 'Uzbekistan', 49942),
(113, 'Schumm LLC', '948-068-8752', 'Vincenzo65@Dach.com', '4560 Spencer Brook\nNorth Diamond, NV 86152', 'East Gerardo', 'Moldova', 46541),
(114, 'Grady PLC', '(751)594-5267', 'Maximilian.Muller@gmail.com', '2264 Jermain Brooks\nAshtynmouth, MS 39762-0735', 'East Orintown', 'Sierra Leone', 88367),
(115, 'Purdy Ltd', '(629)360-6512x7373', 'Bradly.Tillman@DuBuque.com', '29828 Wisoky Greens\nWest Joannietown, MO 11475', 'North Garland', 'Kyrgyz Republic', 17446),
(116, 'Lehner-Hilpert', '1-244-058-8658x72752', 'Wunsch.Hans@Swift.biz', '5918 Heaney Union\nNienowton, IA 37471-9589', 'Port Sterlingfort', 'Dominica', 69586),
(117, 'Pfannerstill, Considine and Weber', '955-951-8206', 'Jaron.Price@Aufderhar.info', '334 Audie Grove Apt. 993\nSouth Keon, MI 76484-0995', 'East Charlotteburgh', 'United Arab Emirates', 17084),
(118, 'Sauer-Stehr', '160-899-0612x14973', 'Wava.Barton@gmail.com', '3939 Larson Spur Suite 434\nSouth Martinabury, MD 47091-1711', 'Zemlakshire', 'Nicaragua', 98772),
(119, 'Lehner, Gusikowski and Price', '142.347.0049x5663', 'Afton.Marvin@hotmail.com', '31846 Collins Circle\nMayaside, TN 72399', 'Romainetown', 'Seychelles', 87778),
(120, 'Schuppe, O\'Connell and Boyer', '060.374.8420x0369', 'Brian13@Romaguera.com', '5246 Savanah Knolls\nLake Idella, ND 53821', 'Lake Chloefurt', 'Estonia', 65603),
(121, 'Gislason-Huels', '(880)285-8865', 'Katarina.Parker@Hammes.biz', '838 Shyann Well Suite 526\nPort Jalonland, DE 75670', 'West Francescastad', 'Korea', 97007),
(122, 'Kohler, Mosciski and Schneider', '(549)621-2456x4078', 'Tatyana.Bosco@yahoo.com', '5981 Gibson Fords\nTurnerstad, WY 29879-7460', 'Denesikshire', 'Djibouti', 74925),
(123, 'Witting Group', '1-561-462-6362x6232', 'Ezequiel61@hotmail.com', '83805 Strosin Views\nLake Enrique, NM 02223', 'Naomitown', 'Gibraltar', 30825),
(124, 'Beahan, Olson and Emard', '1-982-450-7525x116', 'Leonel16@hotmail.com', '42677 Prosacco Park\nVincenzoton, MI 38388-4364', 'South Lucasview', 'Saint Pierre and Miquelon', 40025),
(125, 'Botsford, Feeney and Bruen', '859-337-1799x0474', 'Delphine.Pacocha@gmail.com', '43151 Runolfsdottir Junctions Apt. 995\nPort Remingtonhaven, AK 17108', 'Lake Brenna', 'Malta', 10322),
(126, 'Eichmann, Wiegand and Bechtelar', '041.161.7823', 'Tillman.Lucius@yahoo.com', '84984 Granville Via\nNorth Macie, CA 11987-3832', 'South Karsonfurt', 'Kenya', 74029),
(127, 'Bruen, Runolfsson and Hayes', '1-013-441-8320', 'fBarton@Goldner.org', '5335 Orrin Mews\nNew Brenna, ME 31108', 'East Cydneybury', 'Barbados', 98413),
(128, 'Shanahan, Medhurst and Langosh', '(717)652-9066x03923', 'Ashtyn.Becker@Russel.info', '3664 Jed Glen Apt. 642\nAminamouth, MD 77095-6527', 'New Eric', 'Honduras', 1838),
(129, 'Boyle-Schmidt', '1-091-578-2665', 'iKoepp@hotmail.com', '5979 Bauch Burgs\nPort Reinhold, ND 38700-2381', 'South Barryport', 'Pitcairn Islands', 74655),
(130, 'Rowe-Casper', '09467723479', 'Karlee84@Miller.com', '797 Neil Forest\nNew Margarete, RI 57192', 'South Oswaldoport', 'Lithuania', 48643),
(131, 'Streich, Haley and Mitchell', '759.513.2701', 'Gardner.Gutmann@Fisher.net', '79443 Jakubowski Fords Suite 425\nLuraland, OH 72102-7884', 'East Gretchenville', 'Germany', 17944),
(132, 'Ernser, White and Bayer', '1-842-192-6065', 'dAltenwerth@Wunsch.com', '3234 Rosemary Loaf Apt. 754\nCharlieburgh, VA 83762-4088', 'New Roberta', 'Sweden', 11621),
(133, 'Friesen Ltd', '09551849569', 'hPrice@Becker.org', '224 Vivien Extension Apt. 153\nSouth Philipside, WA 59897-5248', 'Zulaufburgh', 'Serbia', 20583),
(134, 'Kemmer Ltd', '361-770-3934x07456', 'Janis37@hotmail.com', '5905 Hirthe Fork\nEast Arvelshire, ID 18286-2103', 'Howeside', 'Saint Kitts and Nevis', 12944),
(135, 'Hilpert, Bashirian and Fay', '513.138.8974', 'Price.Hanna@Koepp.com', '9451 Gustave Viaduct\nNorth Wellington, MN 31674-8237', 'Norbertborough', 'Romania', 29348),
(136, 'Thompson LLC', '+06(1)3148844619', 'Ellie34@hotmail.com', '6222 Carter Junction Apt. 766\nDurganport, AZ 20299', 'Faheychester', 'Pitcairn Islands', 39144),
(137, 'Blanda Group', '328-413-4802', 'Demarco24@yahoo.com', '77339 Konopelski Brooks\nKoeppborough, HI 95458', 'Mrazborough', 'United States of America', 39484),
(138, 'Bergstrom Ltd', '157-111-5089x030', 'Witting.Lazaro@Goyette.com', '2818 Torp Street\nErdmanstad, NH 27988-7970', 'Cliffordbury', 'Germany', 10926),
(139, 'Hane, Koss and McGlynn', '1-134-920-7500', 'Clare.Beatty@yahoo.com', '16221 Candace Forge Suite 850\nLorenzaport, NJ 43368', 'Destinitown', 'Guam', 31110),
(140, 'Wunsch-Stoltenberg', '976-627-1458x92718', 'Kieran25@hotmail.com', '84125 Tremblay Falls Apt. 417\nLarkinshire, AL 36928', 'Okeytown', 'Western Sahara', 39088),
(141, 'Stroman-Lesch', '045-906-7837', 'Nayeli84@Kozey.info', '59856 Jacobi Land Suite 111\nLake Kristin, MO 08959-5796', 'South Everette', 'Antarctica (the territory South of 60 deg S)', 80433),
(142, 'Bernier Ltd', '(195)570-5430x625', 'Klein.Cullen@Runolfsson.com', '98730 Kautzer Isle Apt. 114\nNew Gailmouth, OH 46635', 'Tinahaven', 'Nepal', 88885),
(143, 'Bahringer, Kihn and Jacobson', '838-868-6969x236', 'Judd88@hotmail.com', '4698 Mallory Inlet Suite 119\nWest Raymondfort, NC 73567', 'Gleichnershire', 'Bolivia', 61310),
(144, 'Treutel Ltd', '295.846.8015', 'Laurianne.Wintheiser@Streich.biz', '652 Hoeger Unions Suite 543\nEast Marcelino, OR 71575', 'South Jeremie', 'Nicaragua', 44845),
(145, 'Predovic-Blick', '544-268-5041x2757', 'Agustina.Zulauf@hotmail.com', '02065 Keeling Causeway Apt. 561\nLake Ofelialand, MS 74062-9966', 'Port Julienstad', 'Malaysia', 81553),
(146, 'Maggio-Lubowitz', '284-428-8610', 'oBradtke@Stanton.biz', '934 Batz Port Suite 112\nEast Kennith, IA 63490-8172', 'Kuhlmanmouth', 'Faroe Islands', 81841),
(147, 'Barrows, Volkman and Russel', '01077744939', 'Jessika.Bode@Rodriguez.com', '2602 Rosetta Flats\nEast Margueritechester, NY 88077-8694', 'Kreigerland', 'Montserrat', 1335),
(148, 'Goyette-Ernser', '376-180-3680x835', 'pGulgowski@gmail.com', '1967 Kris Pine Suite 834\nNew Margret, SC 73324-6959', 'Kavonmouth', 'Swaziland', 41670),
(149, 'Skiles-Hintz', '1-755-991-5169', 'Mosciski.Susie@Lubowitz.com', '852 Senger Center Apt. 140\nRooseveltstad, OR 95965', 'New Josianneshire', 'American Samoa', 6647),
(150, 'Hilpert-Lebsack', '(385)909-9699x40448', 'kBreitenberg@yahoo.com', '8748 Rau River\nRoscoehaven, FL 04277', 'West Josiane', 'Cook Islands', 79866),
(151, 'Jacobi, Hansen and Robel', '162.477.9122', 'Keanu35@Beier.com', '4773 Audrey Fort Apt. 019\nEileenfurt, CT 95478-9359', 'Loisshire', 'Iran', 26370),
(152, 'Brekke-Willms', '1-847-749-5985x84272', 'Lesley.Powlowski@Emard.com', '5714 Wilson Neck\nNorth Cleoview, UT 60310-1676', 'Willshire', 'Tuvalu', 99753),
(153, 'Graham Ltd', '636.728.7994x3284', 'River85@Hintz.info', '05630 Bogan Ports Suite 008\nLake Savion, MT 53115-2467', 'Padbergstad', 'Fiji', 16749),
(154, 'Frami-Kuhlman', '(070)538-2129', 'Dorian.Jacobi@gmail.com', '608 Graham Drive\nSouth Moriah, WV 97440-9726', 'North Otha', 'Albania', 17519),
(155, 'Orn Ltd', '620-967-8989x3929', 'Wiegand.Hailee@yahoo.com', '1851 Hermann Club Apt. 502\nNorth Hollie, MS 78345', 'Port Franco', 'Cote d\'Ivoire', 81644),
(156, 'Leffler PLC', '08160905884', 'Purdy.Dasia@yahoo.com', '5239 Jesus Harbors\nNorth Rahul, LA 15778', 'West Aidenmouth', 'Singapore', 92466),
(157, 'Davis, Stokes and Emard', '137-809-3932x9246', 'Ralph.Heidenreich@gmail.com', '8857 Gilda Roads Suite 311\nCaesarville, WA 93210-0274', 'Dandrebury', 'Pakistan', 5471),
(158, 'Emard PLC', '03981118383', 'Sophie75@Farrell.com', '5447 Antonetta Square\nMarianneport, TX 92135-1472', 'Lake Henry', 'Niger', 44671),
(159, 'Streich-Feest', '(074)286-9488x57993', 'Myrna79@Nikolaus.biz', '259 Cronin Run\nOkunevaberg, NH 32315-6193', 'New Juana', 'United Arab Emirates', 63469),
(160, 'Gislason-Ankunding', '08720325057', 'fPowlowski@Thompson.info', '482 Efrain Underpass Suite 156\nSouth Shawnaside, WI 79270', 'Jameymouth', 'Tajikistan', 26704),
(161, 'Yundt Ltd', '574-019-6828x9062', 'Giovanny97@gmail.com', '69145 Russel Estates\nMargaritatown, MA 24251-5806', 'Port Hillardville', 'Kazakhstan', 83051),
(162, 'Miller, Ondricka and Larson', '(788)974-0078x6836', 'Abbott.Marguerite@Kunze.com', '5107 Cole Points Apt. 386\nCarlosfurt, ME 62647', 'Port Rowanstad', 'Maldives', 40284),
(163, 'Veum-Wuckert', '195.505.5095', 'Blanda.Mariam@gmail.com', '9757 Spencer Ford Apt. 774\nWisozkside, VT 14996-8536', 'Treburgh', 'Burkina Faso', 17690),
(164, 'Beier Group', '1-013-999-8794x2211', 'Emmie.Kreiger@yahoo.com', '226 Bogan Corners Apt. 720\nLake Ebonyburgh, PA 52909', 'Gutkowskiland', 'Egypt', 43438),
(165, 'Ernser, Kessler and Farrell', '181.311.7897x394', 'Jovanny.Bednar@Hudson.com', '456 Gleichner Glen Suite 900\nLittleside, NY 94331', 'Littelchester', 'Sri Lanka', 14019),
(166, 'Leuschke, Ratke and Homenick', '(944)574-9093x1516', 'Johnston.Mozelle@Collins.org', '0761 Margarita Pass\nLeonoraside, IL 22809', 'Pollichview', 'Portugal', 11387),
(167, 'Hilll Inc', '(201)296-6523x124', 'Shirley.Adams@gmail.com', '76051 Liliana Pines Apt. 914\nPort Lorenz, CT 46860', 'Sisterborough', 'Chile', 5735),
(168, 'Donnelly-Jenkins', '(745)221-1494', 'Schinner.Rollin@Von.com', '258 Mona Loaf Suite 661\nNorth Gonzalomouth, TN 45319', 'Bernhardmouth', 'Monaco', 79402),
(169, 'Mohr-Crist', '00248736576', 'iEbert@gmail.com', '7353 Caitlyn Knoll\nKarianneport, ID 79429', 'East Darylhaven', 'Wallis and Futuna', 65246),
(170, 'Ryan, Treutel and Hermiston', '286.621.2434x71326', 'Strosin.Claud@Vandervort.com', '6367 Kathryne Ferry\nSouth Juliet, AR 91729-7475', 'Destanymouth', 'Ecuador', 89884),
(171, 'Wiegand-Zboncak', '(057)983-3180x797', 'Thelma.Wehner@Haley.net', '439 Mills Dale\nGabrielport, WA 29083', 'Joeyside', 'Malawi', 35747),
(172, 'Effertz LLC', '318-549-0952x70241', 'Melody83@Olson.com', '88282 Velda Loop\nPort Iliana, KS 88868-0606', 'Port Nehatown', 'Guadeloupe', 14932),
(173, 'Kulas-Auer', '464-609-9879x93465', 'Tate13@gmail.com', '8167 Heller Squares Suite 896\nLake Lyda, OR 01420-4446', 'East Nola', 'Cape Verde', 18699),
(174, 'Beier, Turcotte and Mills', '462.671.8332', 'Elvie.Wiegand@Kuhlman.com', '163 Crist Park\nVivamouth, WA 80301-1812', 'Hettingerchester', 'Kazakhstan', 17935),
(175, 'Erdman, Douglas and Dickens', '582.915.2280', 'Elissa67@Green.info', '506 Mariane Ridges Apt. 814\nGlovertown, OH 09083-3940', 'Cristton', 'Taiwan', 93710),
(176, 'Ortiz-Hills', '1-496-057-1877x720', 'Rosa.Champlin@Wiegand.biz', '2809 Marisa Tunnel Apt. 973\nNew Antwan, DC 09225', 'North Minnie', 'Albania', 3093),
(177, 'Luettgen PLC', '072.301.5144', 'Rolando.Dietrich@Luettgen.com', '280 Ferry Rapid Suite 618\nLake Devanteland, IA 26943', 'New Ellaville', 'Togo', 67910),
(178, 'Schumm-D\'Amore', '1-220-732-1581x206', 'Kamille85@gmail.com', '0411 Justina Ports Suite 900\nNorth Kaseytown, VA 67303', 'New Rashad', 'Sweden', 38908),
(179, 'Toy-Lemke', '(478)936-2904', 'pJohnston@Heathcote.net', '9509 Grayce Manors Suite 822\nLake Kaiafort, NE 71514', 'Odessastad', 'Norfolk Island', 78817),
(180, 'Jenkins, Littel and Osinski', '707.484.4531', 'Raven.Murphy@Bruen.com', '26759 Mohamed Circle\nKevinchester, NC 24491', 'Port Anselborough', 'Guernsey', 50540),
(181, 'Schmitt-Nader', '745.776.7235', 'Macey.Bartell@hotmail.com', '34229 Camryn Plains Apt. 693\nNorth Sophiashire, DE 44960', 'Cartershire', 'Taiwan', 58913),
(182, 'Leffler, Mohr and Medhurst', '824.406.1268x2127', 'Antone.Hilll@gmail.com', '557 Otha Street Apt. 175\nNorth Verona, OH 73693-3047', 'Port Rogerville', 'Ethiopia', 66758),
(183, 'Mueller, Monahan and King', '366.146.6832x228', 'tMarks@Hermiston.com', '5954 Lucienne Rest\nTownefurt, KY 95611', 'Robertsfort', 'Kenya', 11688),
(184, 'Erdman, Howe and Paucek', '694-260-1311x717', 'Kilback.Stone@Dooley.info', '728 Martin Crest Apt. 256\nAlexysmouth, VA 78796', 'Ransomport', 'Burundi', 15909),
(185, 'Wunsch, Herman and Hoeger', '359-433-7416x257', 'uHarber@gmail.com', '799 Kling River Suite 410\nSusannachester, ME 91917', 'Schulistfurt', 'Iceland', 83528),
(186, 'O\'Conner, Kirlin and Nikolaus', '819-558-9081x9017', 'Lebsack.Mitchell@hotmail.com', '91470 Kunze Burg Suite 706\nFerrytown, NM 43079-2843', 'Port Cristalton', 'Malta', 67755),
(187, 'Graham-Lind', '09029868333', 'Moriah.Ratke@yahoo.com', '4751 Zola Route\nEunaborough, NV 64443-7877', 'North Murielton', 'Isle of Man', 42780),
(188, 'Walker, Schuppe and Weber', '872-694-8434x74587', 'pNitzsche@Stark.com', '505 Toy Forges\nIsacview, NY 42078', 'Chetburgh', 'United States Minor Outlying Islands', 47758),
(189, 'Spencer, Stiedemann and Jakubowski', '1-192-124-1867', 'Alexandrea19@gmail.com', '835 Constance Green\nLake Kamryn, TX 93649', 'North Yeseniaport', 'Mauritius', 89078),
(190, 'Pfannerstill-Murphy', '+73(6)3222643328', 'Paucek.Okey@Price.com', '523 Lillian Gardens Apt. 027\nBotsfordchester, HI 86971-9722', 'Ryanshire', 'Ethiopia', 1372),
(191, 'Ortiz Inc', '1-373-001-8369x31973', 'Joel28@Sawayn.com', '8680 McCullough Mall\nPort Ethelynchester, DE 87593', 'Mrazhaven', 'Slovenia', 88346),
(192, 'Zulauf-Reynolds', '(344)295-1080x035', 'iLangosh@Mosciski.com', '7626 Horace Mills\nSouth Terence, WY 85395-5344', 'Okunevaside', 'Cocos (Keeling) Islands', 35537),
(193, 'Kerluke-Reinger', '1-607-708-7106', 'Sanford.Bethany@Littel.info', '64068 Medhurst Forge\nEast Veldaberg, KS 25737', 'East Cordeliafort', 'Moldova', 75618),
(194, 'Farrell, Stehr and Witting', '(741)380-3060x53850', 'rTreutel@gmail.com', '96329 Daugherty Vista\nGleichnershire, ND 20289', 'West Rosaliaton', 'India', 78048),
(195, 'McGlynn Inc', '(863)918-2842x840', 'Tyrel.Reichert@gmail.com', '617 Torphy Flats Suite 092\nEast Adeliamouth, NM 19543', 'West Wilfridmouth', 'Turkey', 51903),
(196, 'Ferry, Medhurst and Marquardt', '1-864-722-6029x72026', 'Hayes.Neal@hotmail.com', '1423 Kassulke Valleys\nKilbackberg, KS 64858-6070', 'North Aliyah', 'Seychelles', 83768),
(197, 'Abernathy, Deckow and Legros', '06852367658', 'Wuckert.Emery@Ankunding.com', '86359 Kilback Wall\nNorth Justyn, CA 94118-4658', 'New Lelamouth', 'Chile', 74682),
(198, 'Smith-Hamill', '1-688-821-5443', 'mHomenick@yahoo.com', '901 Muller Dale\nNorth Jessie, MT 67777-0494', 'Lefflerside', 'Oman', 8921),
(199, 'Jacobs, Reynolds and Dickinson', '1-505-906-7528', 'Vance03@Smitham.org', '3353 Watsica Oval\nWintheisershire, PA 31911-4101', 'East Virginieland', 'Turkmenistan', 50505),
(200, 'Wuckert, Casper and Boyle', '(667)526-3397', 'gHarber@Bins.net', '0546 Johnny Cliffs\nLake Wyman, NC 92704', 'Lake Nedraland', 'Sierra Leone', 68513);

-- --------------------------------------------------------

--
-- Table structure for table `transaction`
--

CREATE TABLE `transaction` (
  `id` int(11) NOT NULL,
  `employee_id` int(11) DEFAULT NULL,
  `office_id` int(11) DEFAULT NULL,
  `datelog` datetime DEFAULT current_timestamp(),
  `action` enum('IN','OUT','COMPLETE') DEFAULT NULL,
  `remarks` varchar(100) DEFAULT NULL,
  `documentcode` varchar(45) NOT NULL
) ENGINE=InnoDB DEFAULT CHARSET=utf8mb4;

--
-- Dumping data for table `transaction`
--

INSERT INTO `transaction` (`id`, `employee_id`, `office_id`, `datelog`, `action`, `remarks`, `documentcode`) VALUES
(1, 166, 54, '2022-06-30 09:31:11', 'OUT', 'She had just begun to repeat it, but her head to.', '297048'),
(2, 193, 133, '2022-10-02 05:27:25', 'OUT', 'THIS size: why, I should understand that.', '936894'),
(3, 196, 87, '2022-09-11 13:45:12', 'OUT', 'Dinah, if I can do without lobsters, you know..', '724861'),
(4, 103, 105, '2022-07-12 08:57:08', 'IN', 'The King\'s argument was, that anything that.', '232385'),
(5, 73, 136, '2022-07-26 21:20:02', 'IN', 'They were indeed a queer-looking party that.', '511959'),
(6, 120, 158, '2022-10-19 12:14:23', 'IN', 'VERY much out of his pocket, and was delighted.', '603786'),
(7, 46, 58, '2022-06-15 09:26:46', 'IN', 'She did it so quickly that the meeting adjourn,.', '222213'),
(8, 20, 107, '2023-05-13 09:09:28', 'IN', 'Alice soon began talking to herself, \'whenever I.', '51744'),
(9, 3, 158, '2023-04-12 14:22:03', 'OUT', 'Alice doubtfully: \'it.', '774567'),
(10, 39, 168, '2022-09-16 09:23:04', 'IN', 'Caucus-race.\' \'What IS the fun?\' said Alice..', '317936'),
(11, 18, 157, '2023-03-08 13:56:38', 'OUT', 'This sounded promising, certainly: Alice turned.', '232593'),
(12, 46, 172, '2022-06-30 13:47:29', 'IN', 'No accounting for tastes! Sing her \"Turtle.', '975154'),
(13, 12, 46, '2023-01-05 06:08:50', 'IN', 'Gryphon, lying fast asleep in the after-time, be.', '578007'),
(14, 78, 62, '2023-02-07 06:40:38', 'IN', 'Tell us all about it!\' Last came a rumbling of.', '132392'),
(15, 94, 139, '2023-04-02 18:56:45', 'IN', 'As they walked off together. Alice was rather.', '213679'),
(16, 181, 4, '2023-04-21 06:50:15', 'IN', 'Seven looked up eagerly, half hoping that the.', '180881'),
(17, 47, 107, '2022-06-17 15:00:40', 'OUT', 'Why, there\'s hardly enough of it in a melancholy.', '340155'),
(18, 166, 167, '2023-04-02 04:23:58', 'IN', 'I should think you can find out the Fish-Footman.', '480507'),
(19, 30, 157, '2022-06-06 18:28:54', 'IN', 'Alice said to a day-school, too,\' said Alice;.', '915479'),
(20, 189, 79, '2022-08-15 08:56:21', 'IN', 'Alice sadly. \'Hand it over a little pattering of.', '776300'),
(21, 161, 49, '2022-07-27 11:01:23', 'OUT', 'Mouse, turning to Alice, flinging the baby at.', '45702'),
(22, 53, 80, '2023-01-30 17:21:56', 'IN', 'MINE.\' The Queen turned angrily away from him,.', '671100'),
(23, 94, 71, '2022-12-20 00:28:14', 'IN', 'Duchess, \'chop off her unfortunate guests to.', '980763'),
(24, 27, 78, '2023-01-28 23:04:51', 'OUT', 'I know all sorts of things, and she, oh! she.', '34583'),
(25, 74, 73, '2023-05-23 20:18:53', 'OUT', 'Alice went timidly up to her head, and she did.', '552866'),
(26, 15, 118, '2022-09-04 05:46:01', 'IN', 'Let me think: was I the same side of the.', '822676'),
(27, 23, 15, '2023-03-28 13:31:36', 'OUT', 'As a duck with its tongue hanging out of the.', '673951'),
(28, 188, 73, '2022-11-16 01:23:14', 'OUT', 'Hatter went on, \'you see, a dog growls when it\'s.', '527954'),
(29, 109, 99, '2022-11-17 18:52:32', 'OUT', 'Cat. \'I\'d nearly forgotten that I\'ve got to do,\'.', '945260'),
(30, 62, 182, '2022-06-21 10:11:29', 'OUT', 'I should think you\'ll feel it a bit, if you only.', '29918'),
(31, 185, 86, '2022-11-30 20:36:49', 'IN', 'Cat. \'I\'d nearly forgotten to ask.\' \'It turned.', '880468'),
(32, 169, 37, '2022-08-31 16:59:19', 'IN', 'That he met in the sea. But they HAVE their.', '958016'),
(33, 67, 51, '2023-02-25 20:36:06', 'IN', 'I have none, Why, I wouldn\'t be so proud as all.', '557299'),
(34, 9, 196, '2022-07-08 03:02:31', 'OUT', 'Let this be a walrus or hippopotamus, but then.', '567058'),
(35, 93, 141, '2023-04-05 12:25:29', 'OUT', 'May it won\'t be raving mad after all! I almost.', '789454'),
(36, 60, 155, '2023-04-17 03:03:00', 'IN', 'For some minutes it seemed quite dull and stupid.', '951583'),
(37, 32, 43, '2022-06-27 19:23:10', 'OUT', 'Mouse, who was reading the list of the Mock.', '634580'),
(38, 60, 150, '2022-12-28 19:33:46', 'IN', 'What made you so awfully clever?\' \'I have.', '612199'),
(39, 125, 31, '2022-08-31 12:57:47', 'OUT', 'She pitied him deeply. \'What is his sorrow?\' she.', '855371'),
(40, 196, 187, '2023-03-28 16:36:41', 'IN', 'ARE OLD, FATHER WILLIAM,\' to the door, she.', '822174'),
(41, 4, 22, '2022-12-31 15:54:03', 'OUT', 'Let this be a great hurry. An enormous puppy was.', '450089'),
(42, 180, 78, '2022-09-27 04:04:27', 'IN', 'Alice thought over all she could guess, she was.', '759449'),
(43, 167, 94, '2022-12-07 16:48:54', 'IN', 'Hatter, \'you wouldn\'t talk about cats or dogs.', '133452'),
(44, 166, 104, '2022-08-29 00:06:40', 'IN', 'ME\' were beautifully marked in currants. \'Well,.', '47500'),
(45, 28, 17, '2022-10-30 01:52:27', 'OUT', 'YOUR table,\' said Alice; \'I must be getting.', '920097'),
(46, 9, 194, '2023-01-26 18:27:12', 'IN', 'I can\'t remember,\' said the Dormouse, without.', '90408'),
(47, 69, 78, '2022-06-27 01:58:55', 'IN', 'The Mouse gave a little timidly, for she.', '81900'),
(48, 80, 119, '2023-04-22 08:50:27', 'OUT', 'I hadn\'t begun my tea--not above a week or.', '316124'),
(49, 77, 100, '2022-11-04 14:10:47', 'OUT', 'But there seemed to be trampled under its feet,.', '503493'),
(50, 99, 119, '2023-02-02 22:06:55', 'IN', 'THEN--she found herself safe in a moment that it.', '380750'),
(51, 199, 143, '2022-07-18 07:35:28', 'IN', 'Queen said severely \'Who is this?\' She said it.', '856222'),
(52, 99, 27, '2022-09-14 14:00:04', 'OUT', 'SWIM--\" you can\'t help it,\' said Alice in a.', '381649'),
(53, 150, 95, '2022-07-30 04:06:29', 'IN', 'Alice started to her feet, for it now, I.', '201996'),
(54, 14, 34, '2022-08-29 09:44:50', 'IN', 'Mock Turtle in a fight with another dig of her.', '168609'),
(55, 178, 164, '2022-09-01 06:45:53', 'OUT', 'Rabbit came near her, about the whiting!\' \'Oh,.', '127508'),
(56, 26, 156, '2022-09-16 15:46:51', 'IN', 'I should be like then?\' And she opened it, and.', '362465'),
(57, 106, 47, '2022-07-19 00:21:57', 'OUT', 'Alice like the three gardeners, but she gained.', '98907'),
(58, 194, 191, '2022-09-12 15:39:21', 'OUT', 'I\'M a Duchess,\' she said this last remark, \'it\'s.', '56180'),
(59, 31, 98, '2022-11-04 22:03:19', 'IN', 'Let me see: four times five is twelve, and four.', '449129'),
(60, 24, 200, '2022-11-19 02:33:31', 'IN', 'Then it got down off the cake. * * * \'What a.', '739595'),
(61, 165, 95, '2023-02-02 21:11:04', 'OUT', 'VII. A Mad Tea-Party There was a real Turtle.\'.', '118096'),
(62, 37, 41, '2022-10-22 17:15:53', 'OUT', 'And the Gryphon remarked: \'because they lessen.', '683443'),
(63, 166, 56, '2022-08-22 22:36:10', 'OUT', 'Hatter. He had been anxiously looking across the.', '441664'),
(64, 58, 26, '2023-01-10 12:37:16', 'OUT', 'Longitude I\'ve got to the jury, who instantly.', '649124'),
(65, 162, 85, '2023-04-12 02:37:47', 'OUT', 'Alice could hear him sighing as if it please.', '320690'),
(66, 25, 136, '2022-08-11 04:29:07', 'OUT', 'Gryphon. \'Of course,\' the Gryphon never learnt.', '265092'),
(67, 82, 115, '2022-10-17 18:24:48', 'IN', 'Seaography: then Drawling--the Drawling-master.', '94642'),
(68, 3, 107, '2022-06-15 12:23:00', 'OUT', 'King put on his knee, and the arm that was.', '416008'),
(69, 91, 123, '2022-09-28 07:56:26', 'OUT', 'Dormouse said--\' the Hatter began, in a bit.\'.', '704199'),
(70, 130, 8, '2022-06-06 00:54:36', 'IN', 'Cat: \'we\'re all mad here. I\'m mad. You\'re mad.\'.', '910408'),
(71, 112, 40, '2022-12-14 23:24:11', 'IN', 'King. Here one of the wood for fear of their.', '836724'),
(72, 96, 93, '2023-02-12 01:26:23', 'IN', 'THIS!\' (Sounds of more energetic remedies--\'.', '685156'),
(73, 86, 75, '2023-01-18 10:20:47', 'OUT', 'Alice more boldly: \'you know you\'re growing.', '197413'),
(74, 86, 169, '2022-11-01 10:07:18', 'IN', 'Alice like the Queen?\' said the Mock Turtle, who.', '811038'),
(75, 180, 59, '2022-11-02 22:29:32', 'IN', 'I can\'t be Mabel, for I know THAT well enough;.', '533023'),
(76, 55, 87, '2022-06-20 00:46:01', 'IN', 'Let me see--how IS it to be said. At last the.', '693865'),
(77, 156, 146, '2022-06-30 13:10:01', 'OUT', 'You see the Queen. \'It proves nothing of.', '719492'),
(78, 17, 59, '2022-12-02 22:39:58', 'OUT', 'White Rabbit with pink eyes ran close by it, and.', '789933'),
(79, 200, 23, '2022-06-28 00:23:34', 'IN', 'Gryphon is, look at it!\' This speech caused a.', '776698'),
(80, 90, 182, '2022-06-27 16:04:44', 'IN', 'I should think you\'ll feel it a little more.', '535014'),
(81, 177, 175, '2022-07-31 16:45:58', 'IN', 'I can kick a little!\' She drew her foot slipped,.', '32226'),
(82, 19, 94, '2023-04-11 09:22:11', 'OUT', 'Alice. \'Now we shall get on better.\' \'I\'d rather.', '309778'),
(83, 195, 183, '2022-09-10 06:44:49', 'OUT', 'How brave they\'ll all think me at home! Why, I.', '700049'),
(84, 86, 141, '2022-11-11 06:51:22', 'OUT', 'King said, for about the whiting!\' \'Oh, as to.', '320553'),
(85, 64, 127, '2023-01-19 00:57:56', 'IN', 'SAID was, \'Why is a very good advice, (though.', '134665'),
(86, 103, 61, '2022-09-01 03:52:27', 'OUT', 'Alice remarked. \'Oh, you can\'t help it,\' said.', '75459'),
(87, 68, 85, '2023-04-27 11:37:38', 'OUT', 'Alice soon began talking again. \'Dinah\'ll miss.', '478769'),
(88, 163, 101, '2022-11-19 09:01:55', 'IN', 'Mock Turtle, and said \'That\'s very important,\'.', '430946'),
(89, 171, 110, '2022-10-09 08:44:09', 'IN', 'Dormouse. \'Fourteenth of March, I think it so.', '760827'),
(90, 21, 155, '2022-07-22 06:30:51', 'OUT', 'And yet I don\'t like the right size, that it was.', '887236'),
(91, 131, 139, '2023-05-24 22:47:42', 'OUT', 'Let me think: was I the same year for such a.', '295932'),
(92, 147, 162, '2023-01-01 10:24:21', 'IN', 'March Hare. \'He denies it,\' said the Cat. \'I\'d.', '77331'),
(93, 92, 165, '2023-02-05 05:13:32', 'IN', 'VERY remarkable in that; nor did Alice think it.', '580017'),
(94, 139, 112, '2023-04-28 19:28:36', 'IN', 'At last the Gryphon went on so long since she.', '882501'),
(95, 146, 106, '2022-10-28 10:48:06', 'IN', 'YOU sing,\' said the Cat: \'we\'re all mad here..', '145721'),
(96, 92, 97, '2022-07-09 17:56:01', 'IN', 'Mouse was speaking, and this was of very little.', '880358'),
(97, 9, 88, '2023-02-17 10:17:27', 'OUT', 'As she said to Alice; and Alice thought she had.', '936543'),
(98, 125, 17, '2022-06-11 14:31:04', 'IN', 'Her first idea was that you never tasted an.', '20614'),
(99, 53, 199, '2022-10-26 00:07:18', 'IN', 'Hatter grumbled: \'you shouldn\'t have put it more.', '403162'),
(100, 56, 45, '2022-12-20 16:10:56', 'IN', 'Dinah my dear! Let this be a LITTLE larger, sir,.', '4029'),
(101, 115, 123, '2022-06-17 16:24:08', 'IN', 'Alice looked up, and began bowing to the other.', '92185'),
(102, 145, 73, '2022-12-31 16:52:31', 'OUT', 'I should say \"With what porpoise?\"\' \'Don\'t you.', '534632'),
(103, 158, 76, '2022-09-03 17:22:49', 'IN', 'Mock Turtle Soup is made from,\' said the Hatter,.', '22816'),
(104, 136, 200, '2022-09-25 23:23:37', 'OUT', 'Alice; \'I must be off, then!\' said the.', '933456'),
(105, 33, 196, '2022-06-15 07:14:53', 'OUT', 'Pigeon the opportunity of saying to herself.', '629481'),
(106, 30, 91, '2023-04-28 20:24:03', 'OUT', 'Don\'t let me help to undo it!\' \'I shall sit.', '664114'),
(107, 3, 7, '2022-07-28 17:17:32', 'IN', 'YET,\' she said aloud. \'I must be really.', '13630'),
(108, 146, 126, '2023-05-08 20:00:52', 'IN', 'King laid his hand upon her arm, and timidly.', '861865'),
(109, 131, 89, '2023-05-21 00:43:00', 'IN', 'Alice again, for really I\'m quite tired of.', '96841'),
(110, 167, 2, '2022-10-22 18:38:18', 'IN', 'Alice\'s shoulder, and it said in a bit.\'.', '315404'),
(111, 33, 159, '2022-08-20 22:05:16', 'IN', 'This time Alice waited a little, half expecting.', '527774'),
(112, 56, 192, '2023-04-19 18:21:25', 'IN', 'Mock Turtle, capering wildly about. \'Change.', '914670'),
(113, 74, 130, '2023-01-16 02:12:04', 'OUT', 'Dinah!\' she said these words her foot slipped,.', '385134'),
(114, 106, 152, '2023-04-06 17:38:41', 'OUT', 'Come and help me out of the conversation. Alice.', '481090'),
(115, 143, 42, '2022-12-12 18:27:23', 'IN', 'I think you\'d better leave off,\' said the cook..', '986635'),
(116, 35, 173, '2022-10-10 07:02:51', 'IN', 'What happened to you? Tell us all about it!\'.', '405449'),
(117, 47, 62, '2022-10-19 23:14:37', 'IN', 'By this time the Queen say only yesterday you.', '740485'),
(118, 144, 124, '2022-06-17 01:37:22', 'IN', 'Alice, jumping up and leave the court; but on.', '393598'),
(119, 21, 194, '2022-07-05 06:22:14', 'OUT', 'Alice. \'Reeling and Writhing, of course, I.', '767155'),
(120, 11, 46, '2023-04-08 04:29:50', 'OUT', 'There are no mice in the air. \'--as far out to.', '968075'),
(121, 66, 112, '2022-11-16 04:50:09', 'OUT', 'Rabbit say to itself, half to herself, \'in my.', '754037'),
(122, 20, 80, '2022-11-18 02:05:01', 'OUT', 'Morcar, the earls of Mercia and Northumbria,.', '761065'),
(123, 159, 65, '2023-05-29 07:55:06', 'OUT', 'Gryphon, \'that they WOULD put their heads off?\'.', '876870'),
(124, 13, 130, '2022-07-09 15:14:58', 'IN', 'Do you think you\'re changed, do you?\' \'I\'m.', '279600'),
(125, 167, 126, '2022-10-16 06:47:40', 'OUT', 'Alice quite hungry to look over their slates;.', '838197'),
(126, 32, 159, '2023-04-02 14:32:02', 'OUT', 'Cat, as soon as she tucked her arm.', '516548'),
(127, 98, 84, '2023-05-11 17:51:44', 'IN', 'I\'m sure she\'s the best of educations--in fact,.', '423334'),
(128, 11, 179, '2022-10-20 13:24:41', 'IN', 'Yet you finished the first witness,\' said the.', '62543'),
(129, 184, 149, '2022-08-19 11:09:44', 'IN', 'Pigeon. \'I can hardly breathe.\' \'I can\'t go no.', '66921'),
(130, 38, 104, '2023-05-21 06:47:16', 'OUT', 'Alice more boldly: \'you know you\'re growing.', '615784'),
(131, 180, 113, '2023-04-02 05:34:29', 'IN', 'Alice, (she had grown so large in the.', '53453'),
(132, 164, 11, '2022-11-21 05:41:02', 'IN', 'Mock Turtle. \'And how did you manage on the top.', '899097'),
(133, 42, 164, '2022-09-12 01:56:58', 'IN', 'So she called softly after it, and kept doubling.', '308180'),
(134, 182, 45, '2022-12-28 04:24:33', 'IN', 'Duchess, it had grown in the world you fly, Like.', '577642'),
(135, 108, 40, '2022-08-10 05:05:03', 'IN', 'Alice remarked. \'Right, as usual,\' said the.', '968070'),
(136, 176, 169, '2023-01-18 02:00:09', 'IN', 'Alice, \'it\'s very easy to take the place where.', '732732'),
(137, 102, 49, '2022-11-11 12:22:33', 'IN', 'I must have a prize herself, you know,\' the Mock.', '468462'),
(138, 2, 33, '2023-04-13 00:37:06', 'OUT', 'March Hare said--\' \'I didn\'t!\' the March Hare..', '160028'),
(139, 164, 14, '2022-10-14 14:16:21', 'IN', 'Alice; but she stopped hastily, for the end of.', '983687'),
(140, 170, 5, '2023-03-05 15:41:44', 'OUT', 'Dormouse began in a hoarse, feeble voice: \'I.', '757641'),
(141, 19, 154, '2023-01-03 07:52:19', 'IN', 'I\'m here! Digging for apples, indeed!\' said the.', '261031'),
(142, 24, 78, '2022-08-25 05:16:15', 'IN', 'Gryphon: and it was certainly too much pepper in.', '258277'),
(143, 141, 87, '2022-07-02 14:31:38', 'OUT', 'I\'ve got to the shore. CHAPTER III. A.', '589448'),
(144, 93, 196, '2022-09-16 12:32:37', 'OUT', 'The Caterpillar was the same as the Lory.', '846388'),
(145, 144, 27, '2023-01-23 09:20:59', 'OUT', 'So Alice got up and throw us, with the dream of.', '123385'),
(146, 157, 22, '2022-08-01 03:54:33', 'IN', 'Ma!\' said the Duchess: you\'d better finish the.', '265962'),
(147, 199, 132, '2022-12-06 07:01:27', 'IN', 'These were the two sides of it, and then raised.', '133229'),
(148, 53, 45, '2022-11-29 09:42:11', 'OUT', 'Derision.\' \'I never heard of \"Uglification,\"\'.', '325443'),
(149, 82, 112, '2023-01-15 02:21:49', 'OUT', 'Majesty,\' he began, \'for bringing these in: but.', '124762'),
(150, 178, 27, '2023-03-09 23:54:50', 'OUT', 'Alice. The poor little thing was to get through.', '277018'),
(151, 95, 164, '2022-07-31 02:23:39', 'IN', 'I\'m somebody else\"--but, oh dear!\' cried Alice.', '249890'),
(152, 82, 61, '2022-06-29 06:47:21', 'OUT', 'SHE, of course,\' he said in an offended tone,.', '603283'),
(153, 154, 190, '2022-08-14 05:32:40', 'OUT', 'Prizes!\' Alice had not attended to this mouse?.', '638363'),
(154, 41, 32, '2023-03-01 04:02:08', 'OUT', 'Alice, as she could, for her to begin.\' He.', '458300'),
(155, 114, 24, '2022-08-12 08:45:18', 'IN', 'I\'m afraid,\' said Alice, who felt ready to talk.', '349246'),
(156, 3, 39, '2023-01-09 18:41:22', 'IN', 'There\'s no pleasing them!\' Alice was thoroughly.', '232634'),
(157, 79, 11, '2023-04-02 05:43:38', 'OUT', 'Alice whispered, \'that it\'s done by everybody.', '62527'),
(158, 107, 18, '2023-01-01 05:25:12', 'IN', 'I\'m not the same, shedding gallons of tears, but.', '826355'),
(159, 127, 104, '2022-09-30 13:51:58', 'OUT', 'Dodo could not help thinking there MUST be more.', '195205'),
(160, 77, 31, '2022-09-21 07:23:49', 'OUT', 'Alice was only a child!\' The Queen smiled and.', '193533'),
(161, 157, 44, '2022-12-27 09:58:18', 'IN', 'WHAT?\' thought Alice; \'I must be kind to them,\'.', '752143'),
(162, 69, 69, '2022-07-26 21:02:16', 'IN', 'King. The White Rabbit read:-- \'They told me he.', '979149'),
(163, 162, 14, '2023-03-19 10:29:48', 'OUT', 'I\'m certain! I must be what he did with the name.', '901944'),
(164, 81, 133, '2023-05-06 05:18:54', 'IN', 'NOT, being made entirely of cardboard.) \'All.', '158015'),
(165, 77, 60, '2022-12-19 07:18:37', 'IN', 'Alice remarked. \'Oh, you foolish Alice!\' she.', '376773'),
(166, 119, 24, '2022-07-06 09:59:55', 'IN', 'Five, in a hurry. \'No, I\'ll look first,\' she.', '33570'),
(167, 84, 170, '2022-07-15 08:08:45', 'OUT', 'Alice looked all round the refreshments!\' But.', '728330'),
(168, 107, 93, '2022-08-18 03:10:28', 'OUT', 'I like\"!\' \'You might just as well as the Rabbit,.', '799096'),
(169, 84, 26, '2022-06-22 22:38:24', 'IN', 'THAT\'S a good deal to ME,\' said the Gryphon.', '272265'),
(170, 7, 18, '2022-06-11 03:49:43', 'OUT', 'Mock Turtle persisted. \'How COULD he turn them.', '261056'),
(171, 184, 184, '2022-10-22 01:15:43', 'IN', 'Alice was more hopeless than ever: she sat on,.', '788403'),
(172, 176, 112, '2022-10-16 04:39:54', 'IN', 'Cat remarked. \'Don\'t be impertinent,\' said the.', '9165'),
(173, 183, 39, '2023-04-30 14:05:38', 'IN', 'Suppress him! Pinch him! Off with his whiskers!\'.', '86867'),
(174, 179, 40, '2022-11-20 17:36:27', 'IN', 'Lory positively refused to tell me who YOU are,.', '498318'),
(175, 12, 173, '2022-10-15 21:28:27', 'OUT', 'How neatly spread his claws, And welcome little.', '839680'),
(176, 152, 37, '2022-12-20 10:12:27', 'IN', 'Heads below!\' (a loud crash)--\'Now, who did.', '861476'),
(177, 60, 154, '2022-12-06 13:52:08', 'OUT', 'Queen. First came ten soldiers carrying clubs;.', '746185'),
(178, 199, 86, '2022-10-31 18:18:12', 'IN', 'SAID was, \'Why is a very curious sensation,.', '553635'),
(179, 173, 81, '2023-01-28 09:47:16', 'OUT', 'OLD, FATHER WILLIAM,\' to the Cheshire Cat.', '493255'),
(180, 125, 79, '2023-02-14 08:22:32', 'OUT', 'These were the two sides of the crowd below, and.', '564639'),
(181, 121, 76, '2023-05-09 06:45:27', 'OUT', 'They are waiting on the OUTSIDE.\' He unfolded.', '927780'),
(182, 132, 165, '2022-09-30 03:27:09', 'OUT', 'HIM.\' \'I don\'t much care where--\' said Alice. \'I.', '347896'),
(183, 200, 171, '2022-09-08 00:53:46', 'IN', 'Mouse with an M--\' \'Why with an M?\' said Alice..', '80086'),
(184, 10, 158, '2022-07-12 01:00:17', 'OUT', 'Pigeon. \'I\'m NOT a serpent!\' said Alice timidly..', '762130'),
(185, 119, 118, '2023-05-17 20:24:20', 'OUT', 'She generally gave herself very good advice,.', '237929'),
(186, 104, 73, '2023-01-22 17:15:51', 'IN', 'Mouse, who seemed too much pepper in that poky.', '537418'),
(187, 88, 141, '2022-11-24 04:34:32', 'OUT', 'Queen added to one of them hit her in such a.', '446077'),
(188, 129, 199, '2022-10-13 11:52:48', 'IN', 'King: \'leave out that the mouse doesn\'t get.', '895774'),
(189, 153, 109, '2023-02-01 18:15:04', 'OUT', 'But, now that I\'m doubtful about the whiting!\'.', '997292'),
(190, 13, 187, '2022-12-08 19:47:59', 'OUT', 'There was a little bit, and said \'No, never\').', '433293'),
(191, 136, 10, '2022-11-15 11:41:23', 'IN', 'CAN all that stuff,\' the Mock Turtle replied;.', '328322'),
(192, 21, 26, '2023-04-08 20:13:49', 'IN', 'Gryphon, sighing in his note-book, cackled out.', '358856'),
(193, 91, 167, '2022-06-21 11:54:59', 'OUT', 'THESE?\' said the Cat, and vanished. Alice was.', '360023'),
(194, 85, 152, '2023-03-07 04:54:06', 'OUT', 'Mock Turtle. \'Seals, turtles, salmon, and so.', '854734'),
(195, 167, 152, '2022-12-12 13:45:18', 'IN', 'Cat went on, \'\"--found it advisable to go from.', '997898'),
(196, 114, 138, '2023-02-15 19:44:15', 'OUT', 'She did it so VERY nearly at the White Rabbit.', '691416'),
(197, 85, 104, '2023-02-18 05:39:01', 'OUT', 'Cat, as soon as look at them--\'I wish they\'d get.', '465716'),
(198, 101, 136, '2023-05-13 03:38:20', 'OUT', 'QUITE as much right,\' said the Footman. \'That\'s.', '300643'),
(199, 78, 185, '2022-06-14 18:21:03', 'OUT', 'Hatter. \'It isn\'t directed at all,\' said the.', '349404'),
(200, 118, 113, '2022-06-30 21:20:38', 'IN', 'Duchess; \'and that\'s why. Pig!\' She said it to.', '500051');

--
-- Indexes for dumped tables
--

--
-- Indexes for table `employee`
--
ALTER TABLE `employee`
  ADD PRIMARY KEY (`id`);

--
-- Indexes for table `office`
--
ALTER TABLE `office`
  ADD PRIMARY KEY (`id`);

--
-- Indexes for table `transaction`
--
ALTER TABLE `transaction`
  ADD PRIMARY KEY (`id`);

--
-- AUTO_INCREMENT for dumped tables
--

--
-- AUTO_INCREMENT for table `employee`
--
ALTER TABLE `employee`
  MODIFY `id` int(11) NOT NULL AUTO_INCREMENT, AUTO_INCREMENT=201;

--
-- AUTO_INCREMENT for table `office`
--
ALTER TABLE `office`
  MODIFY `id` int(11) NOT NULL AUTO_INCREMENT, AUTO_INCREMENT=201;

--
-- AUTO_INCREMENT for table `transaction`
--
ALTER TABLE `transaction`
  MODIFY `id` int(11) NOT NULL AUTO_INCREMENT, AUTO_INCREMENT=201;
COMMIT;

/*!40101 SET CHARACTER_SET_CLIENT=@OLD_CHARACTER_SET_CLIENT */;
/*!40101 SET CHARACTER_SET_RESULTS=@OLD_CHARACTER_SET_RESULTS */;
/*!40101 SET COLLATION_CONNECTION=@OLD_COLLATION_CONNECTION */;
